tweet_id,in_reply_to_status_id,in_reply_to_user_id,timestamp,source,text,retweeted_status_id,retweeted_status_user_id,retweeted_status_timestamp,expanded_urls
7.97129E+17,,,2016-11-11 17:28:48 +0000,"<a href=""http://twitter.com/download/iphone"" rel=""nofollow"">Twitter for iPhone</a>","Today, we honor those who honored our country with its highest form of service. We owe our veterans our thanks, our respect and our freedom.",,,,
7.96019E+17,,,2016-11-08 15:57:29 +0000,"<a href=""http://twitter.com"" rel=""nofollow"">Twitter Web Client</a>","Today, progress is on the ballot. Go vote - then make sure your friends, your family, and everyone you know votes too.",,,,
7.94322E+17,,,2016-11-03 23:34:58 +0000,"<a href=""https://studio.twitter.com"" rel=""nofollow"">Media Studio</a>","It's pretty simple: Find a plan, get covered, earn some peace of mind. Start today: https://t.co/PJ7xIKP3Vo https://t.co/ZBQdNz8s80",,,,"http://HealthCare.gov,http://twitter.com/POTUS/status/794322003754790913/photo/1"
7.94058E+17,,,2016-11-03 06:03:56 +0000,"<a href=""http://twitter.com/download/iphone"" rel=""nofollow"">Twitter for iPhone</a>",It happened: @Cubs win World Series. That's change even this South Sider can believe in. Want to come to the White House before I leave?,,,,
7.90237E+17,,,2016-10-23 17:01:02 +0000,"<a href=""http://twitter.com/download/iphone"" rel=""nofollow"">Twitter for iPhone</a>","I'll say it: Holy Cow, @Cubs fans. Even this White Sox fan was happy to see Wrigley rocking last night. #FlyTheW",,,,
7.89598E+17,,,2016-10-21 22:44:03 +0000,"<a href=""http://twitter.com/download/iphone"" rel=""nofollow"">Twitter for iPhone</a>",Check out my newest science advisors! These kids are fearless in using science to tackle our toughest problems. Thanks for the inspiration. https://t.co/qe7h3IfTTZ,,,,http://twitter.com/POTUS/status/789598150541635588/photo/1
7.89266E+17,,,2016-10-21 00:42:54 +0000,"<a href=""http://twitter.com/download/iphone"" rel=""nofollow"">Twitter for iPhone</a>",RT @vj44: We lit the @WhiteHouse pink tonight to commemorate Breast Cancer Awareness Month. Make sure to enroll in #ACA starting Nov. 1 htt…,7.89237E+17,595515713,2016-10-20 22:50:32 +0000,http://twitter.com/vj44/status/789237393719255044/photo/1
7.89097E+17,,,2016-10-20 13:31:12 +0000,"<a href=""http://twitter.com/download/iphone"" rel=""nofollow"">Twitter for iPhone</a>",Outstanding 3 for 3 debate sweep for @HillaryClinton! Nobody has ever been more prepared to be @POTUS.,,,,
7.88099E+17,,,2016-10-17 19:26:31 +0000,"<a href=""http://twitter.com/#!/download/ipad"" rel=""nofollow"">Twitter for iPad</a>","For the loved ones we've lost and the ones we can still save, thank you Joe for putting us on the path to ending cancer as we know it. https://t.co/O0twPYcRSc",,,,https://twitter.com/vp/status/788097252522721280
7.87662E+17,,,2016-10-16 14:30:59 +0000,"<a href=""http://twitter.com/download/iphone"" rel=""nofollow"">Twitter for iPhone</a>","For a century, Planned Parenthood has made it possible for women to determine their own lives. Here's to another #100YearsStrong.",,,,
7.87047E+17,,,2016-10-14 21:46:46 +0000,"<a href=""http://twitter.com/download/iphone"" rel=""nofollow"">Twitter for iPhone</a>","Clearly, we still have more to do to prevent sexual assault and the thinking that leads to it. That starts with us: https://t.co/9PRZB451fS",,,,http://ItsOnUs.org
7.86599E+17,,,2016-10-13 16:05:37 +0000,"<a href=""http://twitter.com/#!/download/ipad"" rel=""nofollow"">Twitter for iPad</a>","Congratulations to one of my favorite poets, Bob Dylan, on a well-deserved Nobel. https://t.co/c9cnANWPCS",,,,http://spoti.fi/25fTuWt
7.86254E+17,,,2016-10-12 17:16:09 +0000,"<a href=""http://twitter.com/download/iphone"" rel=""nofollow"">Twitter for iPhone</a>","Now this was fun. Artificial intelligence, space travel—hope you enjoy exploring new frontiers as much as I did. https://t.co/WWBUm5eJ08",,,,https://twitter.com/wired/status/786159612940656641
7.85887E+17,,,2016-10-11 16:58:15 +0000,"<a href=""http://twitter.com/#!/download/ipad"" rel=""nofollow"">Twitter for iPad</a>","On International #DayoftheGirl, we remain committed to providing what we all want for our daughters: a future of limitless possibility.",,,,
7.85512E+17,,,2016-10-10 16:06:27 +0000,"<a href=""http://twitter.com/#!/download/ipad"" rel=""nofollow"">Twitter for iPad</a>","Just like Michelle says, when they go low, we go high. @HillaryClinton went high and showed why she'll be a POTUS for all Americans.",,,,
7.84509E+17,,,2016-10-07 21:40:44 +0000,"<a href=""http://twitter.com/#!/download/ipad"" rel=""nofollow"">Twitter for iPad</a>",Voted early today. Make sure you vote too: https://t.co/SUUmUADsHj https://t.co/NMesNhwsaG,,,,"http://Vote.gov,http://twitter.com/POTUS/status/784508784316063744/photo/1"
7.84171E+17,,,2016-10-06 23:17:43 +0000,"<a href=""http://twitter.com/download/iphone"" rel=""nofollow"">Twitter for iPhone</a>","Hurricane Matthew is as serious as it gets. Listen to local officials, prepare, take care of each other. https://t.co/Vaf8Xubs0s",,,,http://Ready.gov
7.83772E+17,,,2016-10-05 20:52:38 +0000,"<a href=""http://twitter.com/download/iphone"" rel=""nofollow"">Twitter for iPhone</a>",Thank you to every nation that moved to bring the Paris Agreement into force. History will judge today as a turning point for our planet.,,,,
7.82971E+17,,,2016-10-03 15:49:46 +0000,"<a href=""http://twitter.com"" rel=""nofollow"">Twitter Web Client</a>",Bringing a little Austin to the South Lawn today. https://t.co/qCXwVI0uLH https://t.co/nTb10I3GHP,,,,"http://wh.gov/SXSL,http://twitter.com/POTUS/status/782970909229326336/photo/1"
7.82762E+17,,,2016-10-03 02:00:35 +0000,"<a href=""http://twitter.com"" rel=""nofollow"">Twitter Web Client</a>",What a win by the USA in #RyderCup. Proud to see our guys bring the trophy back home. Arnie is smiling down.,,,,
7.82595E+17,,,2016-10-02 14:54:48 +0000,"<a href=""http://twitter.com"" rel=""nofollow"">Twitter Web Client</a>","Gandhiji believed in a world worthy of our children. In joining the Paris Agreement, @narendramodi &amp; the Indian people carry on that legacy.",,,,
7.82219E+17,,,2016-10-01 14:00:36 +0000,"<a href=""http://twitter.com/download/iphone"" rel=""nofollow"">Twitter for iPhone</a>",Paid leave shouldn't be a luxury. It's a basic necessity that we should secure for every working American. https://t.co/OPeQiVPJlK,,,,http://nyti.ms/2cIsldp
7.81639E+17,,,2016-09-29 23:38:14 +0000,"<a href=""http://twitter.com"" rel=""nofollow"">Twitter Web Client</a>","Our Olympians and Paralympians show the world that no matter what, with perseverance, we can do incredible things. Proud of you, #TeamUSA.",,,,
7.80906E+17,,,2016-09-27 23:04:33 +0000,"<a href=""http://twitter.com"" rel=""nofollow"">Twitter Web Client</a>",Couldn't be more proud of @HillaryClinton. Her vision and command during last night's debate showed that she's ready to be our next @POTUS.,,,,
7.80809E+17,,,2016-09-27 16:39:35 +0000,"<a href=""http://twitter.com"" rel=""nofollow"">Twitter Web Client</a>",Democracy is not a spectator sport. Don't give up your power to shape the future of the country we love. Vote: https://t.co/sUxB8TLc5r,,,,http://www.vote.gov
7.8048E+17,,,2016-09-26 18:53:29 +0000,"<a href=""http://twitter.com"" rel=""nofollow"">Twitter Web Client</a>",RT @NYTNational: Census data shows 3.5 million Americans were able to raise their chins above the poverty line last year https://t.co/FEr5e…,7.80219E+17,1767741,2016-09-26 01:35:02 +0000,http://nyti.ms/2dbl0Pf
7.80244E+17,,,2016-09-26 03:14:38 +0000,"<a href=""http://twitter.com"" rel=""nofollow"">Twitter Web Client</a>","Here's to The King who was as extraordinary on the links as he was generous to others. Thanks for the memories, Arnold. https://t.co/UlyfpIBOL2",,,,http://twitter.com/POTUS/status/780244157625278464/photo/1
7.79683E+17,,,2016-09-24 14:04:52 +0000,"<a href=""http://twitter.com/download/iphone"" rel=""nofollow"">Twitter for iPhone</a>",Proud to help open @NMAAHC with so many heroes. African American history is a central part of our glorious American history.,,,,
7.7297E+17,,,2016-09-06 01:30:41 +0000,"<a href=""http://twitter.com/#!/download/ipad"" rel=""nofollow"">Twitter for iPad</a>","Sabaidii, Laos! Honored to be the first U.S. president to visit Laos and to begin a new partnership between our countries.",,,,
7.72841E+17,,,2016-09-05 16:57:23 +0000,"<a href=""http://twitter.com/#!/download/ipad"" rel=""nofollow"">Twitter for iPad</a>","Happy Labor Day - longest streak of job growth ever, unemployment cut in half. That's what hardworking Americans can do. Let's keep going!",,,,
7.70297E+17,,,2016-08-29 16:28:19 +0000,"<a href=""http://twitter.com"" rel=""nofollow"">Twitter Web Client</a>",Congrats to NASA and the scientists taking us a step closer to Mars. Now enjoy Hawaii and get a shave ice! https://t.co/lFZjSnn38x,,,,http://usat.ly/2c79F6j
7.7005E+17,,,2016-08-29 00:08:26 +0000,"<a href=""http://twitter.com/download/iphone"" rel=""nofollow"">Twitter for iPhone</a>","Congratulations to Maine-Endwell, Little League World Series Champs and still undefeated! Proud of you and the sportsmanship you showed.",,,,
7.69205E+17,,,2016-08-26 16:08:26 +0000,"<a href=""http://twitter.com"" rel=""nofollow"">Twitter Web Client</a>","Nearly 100 years ago, women broke down barriers to the ballot box, moving us closer to a more equal nation. Let's finish what they started.",,,,
7.68872E+17,,,2016-08-25 18:05:02 +0000,"<a href=""https://about.twitter.com/products/tweetdeck"" rel=""nofollow"">TweetDeck</a>","100 years and going strong. Thanks @NatlParkService for your service, so our kids enjoy our parks as much as we have https://t.co/1v3W2HLD6f",,,,http://twitter.com/POTUS/status/768871824885026817/photo/1
7.68834E+17,,,2016-08-25 15:32:50 +0000,"<a href=""http://twitter.com"" rel=""nofollow"">Twitter Web Client</a>","Felicitaciones, @JuanManSantos and Colombia. After decades of war, we stand with you in building a future of peace. https://t.co/haXJaqgS9f",,,,https://twitter.com/JuanManSantos/status/768614115019489281
7.67529E+17,,,2016-08-22 01:07:24 +0000,"<a href=""http://twitter.com/download/iphone"" rel=""nofollow"">Twitter for iPhone</a>","Couldn't be prouder of #TeamUSA. Your determination and passion inspired so many of us. You carried that flag high tonight, @Simone_Biles!",,,,
7.64961E+17,,,2016-08-14 23:06:03 +0000,"<a href=""http://twitter.com/download/iphone"" rel=""nofollow"">Twitter for iPhone</a>",Final win for Phelps. World record for Ledecky. 3 #1 finishes for Biles. That's how #TeamUSA gets America to 1000 golds-way to make history.,,,,
7.63745E+17,,,2016-08-11 14:31:50 +0000,"<a href=""http://twitter.com"" rel=""nofollow"">Twitter Web Client</a>","Been waiting to drop this: summer playlist, the encore. What's everybody listening to? https://t.co/mqh1YVrycj",,,,"http://twitter.com/POTUS/status/763744742072913920/photo/1,http://twitter.com/POTUS/status/763744742072913920/photo/1"
7.6203E+17,,,2016-08-06 20:59:47 +0000,"<a href=""http://twitter.com/download/iphone"" rel=""nofollow"">Twitter for iPhone</a>",The struggle for the Voting Rights Act taught us that people who love this country can change it. Don't give away your power - go vote.,,,,
7.61704E+17,7.61704E+17,1536791610,2016-08-05 23:22:08 +0000,"<a href=""http://twitter.com/download/iphone"" rel=""nofollow"">Twitter for iPhone</a>","Tonight, the first-ever #TeamRefugees will also stand before the world and prove that you can succeed no matter where you're from.",,,,
7.61704E+17,,,2016-08-05 23:21:18 +0000,"<a href=""http://twitter.com/download/iphone"" rel=""nofollow"">Twitter for iPhone</a>",Ready to root on #TeamUSA! Our team's unity and diversity makes us so proud - and reminds the world why America sets the gold standard.,,,,
7.61641E+17,,,2016-08-05 19:11:33 +0000,"<a href=""http://twitter.com"" rel=""nofollow"">Twitter Web Client</a>","Longest streak of total job growth on record, wages rising at fastest pace in 7 years. We've come a long way, America—let's keep it going.",,,,
7.58867E+17,,,2016-07-29 03:30:20 +0000,"<a href=""http://twitter.com/download/iphone"" rel=""nofollow"">Twitter for iPhone</a>","Great speech. She's tested. She's ready. She never quits. That's why Hillary should be our next @POTUS. (She'll get the Twitter handle, too)",,,,
7.57764E+17,,,2016-07-26 02:25:19 +0000,"<a href=""http://twitter.com/download/iphone"" rel=""nofollow"">Twitter for iPhone</a>","Incredible speech by an incredible woman. Couldn't be more proud &amp; our country has been blessed to have her as FLOTUS. I love you, Michelle.",,,,
7.56569E+17,,,2016-07-22 19:17:39 +0000,"<a href=""http://twitter.com"" rel=""nofollow"">Twitter Web Client</a>","¡Bienvenido, amigo! We value our enduring partnership with Mexico &amp; will work to strengthen it in the years to come. https://t.co/mjlABSm7jF",,,,https://twitter.com/EPN/status/756289302418497536
7.55804E+17,,,2016-07-20 16:36:13 +0000,"<a href=""http://twitter.com"" rel=""nofollow"">Twitter Web Client</a>","This map says it all. Stay safe as it heats up: Drink water, stay out of the sun, and check on your neighbors. https://t.co/c1qFTmq2IV",,,,http://twitter.com/POTUS/status/755803507760902144/photo/1
7.55043E+17,,,2016-07-18 14:15:01 +0000,"<a href=""http://twitter.com"" rel=""nofollow"">Twitter Web Client</a>",44 men came home because Chuck Kettles believed that we leave no man behind. That's America at our best. https://t.co/UymO2AaRHg,,,,https://amp.twimg.com/v/2cf646b9-e282-483c-87c3-7cdb02ca6895
7.53403E+17,,,2016-07-14 01:38:58 +0000,"<a href=""http://twitter.com"" rel=""nofollow"">Twitter Web Client</a>","Congrats Carla Hayden, our newest Librarian of Congress! Her confirmation is certainly one for the history books.
https://t.co/5T8rvSRp9e",,,,https://amp.twimg.com/v/146bf05b-4ac0-49e4-8eab-322885e67fe5
7.50379E+17,,,2016-07-05 17:21:09 +0000,"<a href=""http://twitter.com/download/iphone"" rel=""nofollow"">Twitter for iPhone</a>","Incredible! After a 5-year journey, we're up close and personal with our solar system's largest planet. Welcome to Jupiter, @NASAJuno!",,,,
7.49966E+17,,,2016-07-04 14:00:12 +0000,"<a href=""http://twitter.com/download/iphone"" rel=""nofollow"">Twitter for iPhone</a>","Happy Fourth of July, everybody! And to our brave men and women in uniform: On this day and every day, we thank you.",,,,
7.49379E+17,,,2016-07-02 23:06:02 +0000,"<a href=""http://twitter.com/download/iphone"" rel=""nofollow"">Twitter for iPhone</a>",Elie Wiesel was a great moral voice of our time and a conscience for our world. He was also a dear friend. We will miss him deeply.,,,,
7.48666E+17,,,2016-06-30 23:55:20 +0000,"<a href=""http://twitter.com/download/iphone"" rel=""nofollow"">Twitter for iPhone</a>",RT @MarchofDimes: 2016 Nat'l Amb. Ismael was honored to meet @POTUS today &amp; talk about the need to help babies &amp; #ZAPzika! https://t.co/Zzw…,7.48657E+17,8539242,2016-06-30 23:18:36 +0000,http://twitter.com/MarchofDimes/status/748657015141072896/photo/1
7.48622E+17,7.48621E+17,1536791610,2016-06-30 20:58:10 +0000,"<a href=""http://twitter.com"" rel=""nofollow"">Twitter Web Client</a>","The list goes on. When Members return, I hope they'll share my commitment to work together to do what must be done. https://t.co/l8nChcXpml",,,,https://twitter.com/POTUS/status/748621673578958849/photo/1
7.48621E+17,7.48621E+17,1536791610,2016-06-30 20:56:10 +0000,"<a href=""http://twitter.com"" rel=""nofollow"">Twitter Web Client</a>",Americans still need and are asking Congress to pass commonsense gun laws that strengthen background checks and keep our communities safe.,,,,
7.48621E+17,7.48621E+17,1536791610,2016-06-30 20:55:05 +0000,"<a href=""http://twitter.com"" rel=""nofollow"">Twitter Web Client</a>","After more than 100 days, the Supreme Court still needs its 9th judge, but the Senate GOP refuses to do its job and consider Judge Garland.",,,,
7.48621E+17,7.4862E+17,1536791610,2016-06-30 20:53:50 +0000,"<a href=""http://twitter.com"" rel=""nofollow"">Twitter Web Client</a>",Congress is leaving a hefty to-do list undone. Health officials still need emergency funding to effectively protect Americans from Zika.,,,,
7.4862E+17,,,2016-06-30 20:53:03 +0000,"<a href=""http://twitter.com"" rel=""nofollow"">Twitter Web Client</a>",Proud to sign laws to improve transparency and avert a crisis in Puerto Rico. I'd hoped to use my pen more often before Congress left town.,,,,
7.48541E+17,,,2016-06-30 15:38:05 +0000,"<a href=""http://twitter.com"" rel=""nofollow"">Twitter Web Client</a>","Until next time, Justin. Good to know that Canada and the world will benefit from your leadership for years to come. https://t.co/T10g64niul",,,,https://twitter.com/JustinTrudeau/status/748313331673501696
7.47467E+17,7.47466E+17,1536791610,2016-06-27 16:28:29 +0000,"<a href=""http://twitter.com"" rel=""nofollow"">Twitter Web Client</a>","Women’s opportunities are expanded and our nation is stronger when all of our citizens have accessible, affordable health care.",,,,
7.47466E+17,,,2016-06-27 16:27:42 +0000,"<a href=""http://twitter.com"" rel=""nofollow"">Twitter Web Client</a>",Every woman has a constitutional right to make her own reproductive choices. I'm pleased to see the Supreme Court reaffirm that fact today.,,,,
7.45674E+17,,,2016-06-22 17:45:58 +0000,"<a href=""http://twitter.com"" rel=""nofollow"">Twitter Web Client</a>",Thank you John Lewis for leading on gun violence where we need it most. https://t.co/vctfqAH5Wt,,,,https://twitter.com/repjohnlewis/status/745631702186336256
7.45327E+17,,,2016-06-21 18:47:29 +0000,"<a href=""http://twitter.com/download/iphone"" rel=""nofollow"">Twitter for iPhone</a>","By giving him its highest rating, the American Bar Association confirms what we all know: Judge Garland should serve on the Supreme Court.",,,,
7.45273E+17,,,2016-06-21 15:11:24 +0000,"<a href=""http://twitter.com/download/iphone"" rel=""nofollow"">Twitter for iPhone</a>","Gun violence requires more than moments of silence. It requires action. In failing that test, the Senate failed the American people.",,,,
7.44734E+17,,,2016-06-20 03:30:52 +0000,"<a href=""http://twitter.com/download/iphone"" rel=""nofollow"">Twitter for iPhone</a>",What a game and what a series for the @Cavs. Happy to see @KingJames bring it home for Cleveland!,,,,
7.44657E+17,,,2016-06-19 22:22:49 +0000,"<a href=""http://twitter.com/download/iphone"" rel=""nofollow"">Twitter for iPhone</a>",Happy Father's Day to all the dads out there. Glad to be spending this one with my family in Yosemite. https://t.co/SaNJgmoIK1,,,,https://twitter.com/flotus/status/744547424757223425
7.39818E+17,,,2016-06-06 13:53:51 +0000,"<a href=""http://twitter.com"" rel=""nofollow"">Twitter Web Client</a>","RT @FLOTUS: Together, we are stronger. Together we can change tomorrow. Stand with us: https://t.co/kMuWTuXTdb #StateOfWomen
https://t.co/m…",7.3979E+17,1093090866,2016-06-06 12:05:33 +0000,"http://www.theunitedstateofwomen.org,http://www.theunitedstateofwomen.org,https://amp.twimg.com/v/144d35e7-9e4c-4f5e-a0f6-6e352e434d17"
7.39096E+17,,,2016-06-04 14:05:32 +0000,"<a href=""http://twitter.com/download/iphone"" rel=""nofollow"">Twitter for iPhone</a>","He shook up the world, and the world's better for it. Rest in peace, Champ. https://t.co/z1yM3sSLH3",,,,http://twitter.com/POTUS/status/739095745584844800/photo/1
7.38389E+17,,,2016-06-02 15:16:07 +0000,"<a href=""http://twitter.com/download/iphone"" rel=""nofollow"">Twitter for iPhone</a>",We cannot accept our level of gun violence as the new normal. We must take action to prevent this from happening again &amp; again. #WearOrange,,,,
7.37267E+17,,,2016-05-30 13:00:39 +0000,"<a href=""http://twitter.com"" rel=""nofollow"">Twitter Web Client</a>","This Memorial Day, I hope you'll join me in acts of remembrance. The debt we owe our fallen heroes is one we can never truly repay.",,,,
7.32266E+17,,,2016-05-16 17:47:36 +0000,"<a href=""http://twitter.com/download/iphone"" rel=""nofollow"">Twitter for iPhone</a>","Today, I join all Americans in honoring 13 officers who went beyond the call of duty to save the lives of strangers. https://t.co/OufzQ70ovH",,,,http://twitter.com/POTUS/status/732266263528001537/photo/1
7.27561E+17,,,2016-05-03 18:12:25 +0000,"<a href=""http://twitter.com/download/iphone"" rel=""nofollow"">Twitter for iPhone</a>",To my 5th grade teacher Ms. Mabel Hefty and the educators who inspire our young people every single day: Thank you. https://t.co/fz2ij8daBg,,,,https://twitter.com/PunahouSchool/status/593489304770498561/photo/1
7.23568E+17,,,2016-04-22 17:44:33 +0000,"<a href=""http://twitter.com/download/iphone"" rel=""nofollow"">Twitter for iPhone</a>","Today, the US joined some 170 nations to sign the Paris Agreement - an historic step this Earth Day to protect the one planet we've got.",,,,
7.22218E+17,,,2016-04-19 00:18:52 +0000,"<a href=""http://twitter.com/download/iphone"" rel=""nofollow"">Twitter for iPhone</a>","Thank you, Adrianne, for being Boston Strong. Terror and bombs can't beat us. We carry on. We finish the race! https://t.co/55hmcsCHbJ",,,,http://cbsloc.al/1S6LCSs
7.20477E+17,,,2016-04-14 05:00:56 +0000,"<a href=""http://twitter.com/download/iphone"" rel=""nofollow"">Twitter for iPhone</a>","Congrats to the @Warriors, a great group of guys on and off the court. If somebody had to break the Bulls' record, I'm glad it's them.",,,,
7.20417E+17,,,2016-04-14 01:01:34 +0000,"<a href=""http://twitter.com/download/iphone"" rel=""nofollow"">Twitter for iPhone</a>","Big night of basketball - @Warriors chasing 73 and a farewell for an
all-timer, @KobeBryant. NBA fans feeling like: https://t.co/hvno2ZO5b0",,,,http://twitter.com/POTUS/status/720416675196223488/photo/1
7.199E+17,,,2016-04-12 14:46:44 +0000,"<a href=""http://twitter.com/download/iphone"" rel=""nofollow"">Twitter for iPhone</a>",Proud to designate the Belmont-Paul national monument for women's equality. Let's keep up their fight with #EqualPay for women today.,,,,
7.1858E+17,,,2016-04-08 23:22:28 +0000,"<a href=""http://twitter.com/download/iphone"" rel=""nofollow"">Twitter for iPhone</a>",Congrats SpaceX on landing a rocket at sea. It's because of innovators like you &amp; NASA that America continues to lead in space exploration.,,,,
7.17132E+17,,,2016-04-04 23:28:06 +0000,"<a href=""http://twitter.com/download/iphone"" rel=""nofollow"">Twitter for iPhone</a>","RT @repjohnlewis: 48 yrs ago today, my friend, my brother, Dr. Martin Luther King, Jr. was shot and killed in Memphis, TN. The light of his…",7.17004E+17,29450962,2016-04-04 15:01:32 +0000,
7.17026E+17,,,2016-04-04 16:29:45 +0000,"<a href=""http://twitter.com/download/iphone"" rel=""nofollow"">Twitter for iPhone</a>",Nobody should have to choose between losing a paycheck &amp; caring for their family. I applaud @NYGovCuomo for taking a big step on paid leave.,,,,
7.14871E+17,7.14845E+17,550401754,2016-03-29 17:45:17 +0000,"<a href=""http://twitter.com/download/iphone"" rel=""nofollow"">Twitter for iPhone</a>","Thank you for your leadership @RepHalRogers. This epidemic doesn't discriminate between red or blue, so it's up to all of us to do our part.",,,,
7.14871E+17,,,2016-03-29 17:44:50 +0000,"<a href=""http://twitter.com/download/iphone"" rel=""nofollow"">Twitter for iPhone</a>",RT @RepHalRogers: Honored to have our Commander-in-Chief @POTUS @RxSummit to lead this critical discussion about the nation's drug abuse ep…,7.14845E+17,550401754,2016-03-29 16:00:38 +0000,
7.14084E+17,,,2016-03-27 13:39:18 +0000,"<a href=""http://twitter.com/download/iphone"" rel=""nofollow"">Twitter for iPhone</a>","From my family to yours, Happy Easter, and we wish everyone celebrating a blessed and joyful day. https://t.co/fNvcihSmYB",,,,http://twitter.com/POTUS/status/714084384010272768/photo/1
7.11649E+17,,,2016-03-20 20:22:45 +0000,"<a href=""http://twitter.com"" rel=""nofollow"">Twitter Web Client</a>","¿Que bolá Cuba? Just touched down here, looking forward to meeting and hearing directly from the Cuban people.",,,,
7.106E+17,,,2016-03-17 22:52:33 +0000,"<a href=""http://twitter.com"" rel=""nofollow"">Twitter Web Client</a>",A great example of how tech can make our democracy stronger. Thanks for answering the call to serve. https://t.co/dFU57cuxo8,,,,https://twitter.com/WorkSteven/status/710302819278925824
7.10141E+17,,,2016-03-16 16:31:05 +0000,"<a href=""http://twitter.com/download/iphone"" rel=""nofollow"">Twitter for iPhone</a>","RT @SCOTUSnom: Meet Chief Judge Merrick Garland, the President's nominee to the Supreme Court. #SCOTUSnominee https://t.co/ACujysyyDJ",7.10128E+17,7.08073E+17,2016-03-16 15:36:09 +0000,"http://go.wh.gov/MerrickGarland,http://go.wh.gov/MerrickGarland"
7.10141E+17,,,2016-03-16 16:30:31 +0000,"<a href=""http://twitter.com/download/iphone"" rel=""nofollow"">Twitter for iPhone</a>",Proud to nominate Judge Merrick Garland to the Supreme Court. I ask Senators to meet their constitutional duty and give him a fair hearing.,,,,
7.08349E+17,7.08347E+17,1536791610,2016-03-11 17:48:12 +0000,"<a href=""http://twitter.com"" rel=""nofollow"">Twitter Web Client</a>","Looking forward to discussing more ways we can modernize government so it's as smart and dynamic as America itself. See you soon, Austin.",,,,
7.08347E+17,7.08346E+17,1536791610,2016-03-11 17:40:44 +0000,"<a href=""http://twitter.com"" rel=""nofollow"">Twitter Web Client</a>",Seniors can now apply for Social Security benefits online: https://t.co/jPEHLkNxfk,,,,http://1.usa.gov/1RTe2O8
7.08346E+17,7.08345E+17,1536791610,2016-03-11 17:37:23 +0000,"<a href=""http://twitter.com"" rel=""nofollow"">Twitter Web Client</a>",Nearly 1 in 3 American families struggle to afford diapers. We're working with the private sector to help fix this. https://t.co/fxvdOCFeET,,,,http://twitter.com/POTUS/status/708346091578593280/photo/1
7.08345E+17,7.08344E+17,1536791610,2016-03-11 17:33:05 +0000,"<a href=""http://twitter.com"" rel=""nofollow"">Twitter Web Client</a>","Immigrants can now apply online to renew their green cards faster, and prep for the citizenship civics test online.",,,,
7.08344E+17,7.08344E+17,1536791610,2016-03-11 17:29:59 +0000,"<a href=""http://twitter.com"" rel=""nofollow"">Twitter Web Client</a>",We've cut the time it takes students to apply for financial aid by two-thirds thanks to a simplified FAFSA form: https://t.co/WDD1UrSXIR,,,,http://fafsa.gov
7.08344E+17,,,2016-03-11 17:28:29 +0000,"<a href=""http://twitter.com"" rel=""nofollow"">Twitter Web Client</a>","At #SXSW, I'll make the case that tech and innovation can make government work better for everyone. Here's how it's working better already:",,,,
7.07324E+17,,,2016-03-08 21:54:45 +0000,"<a href=""http://twitter.com"" rel=""nofollow"">Twitter Web Client</a>","Happy #InternationalWomensDay! When women are free to pursue their dreams, nations are more safe, more secure, and more prosperous.",,,,
7.05091E+17,,,2016-03-02 18:01:28 +0000,"<a href=""http://twitter.com/download/iphone"" rel=""nofollow"">Twitter for iPhone</a>","Welcome back to Earth, @StationCDRKelly! Your year in space is vital to the future of American space travel. Hope gravity isn't a drag!",,,,
7.04827E+17,,,2016-03-02 00:34:29 +0000,"<a href=""http://twitter.com/download/iphone"" rel=""nofollow"">Twitter for iPhone</a>",Play ball! https://t.co/S4DhVYa4Ef,,,,https://twitter.com/mlb/status/704825692890923008
7.0336E+17,,,2016-02-26 23:23:57 +0000,"<a href=""http://twitter.com/download/iphone"" rel=""nofollow"">Twitter for iPhone</a>","Isiah, I'm so proud of you. Your kindness and willingness to help others is why I'm so hopeful for our future. https://t.co/RakSNxe7rk",,,,http://huff.to/21u24PG
7.01872E+17,,,2016-02-22 20:49:53 +0000,"<a href=""http://twitter.com/download/iphone"" rel=""nofollow"">Twitter for iPhone</a>",We've made big strides in the fight against Malaria - saving millions of lives. That's American leadership at work. https://t.co/jVdeE4Qktw,,,,http://twitter.com/POTUS/status/701871557002407936/photo/1
7.00321E+17,7.0032E+17,1536791610,2016-02-18 14:07:58 +0000,"<a href=""http://twitter.com/download/iphone"" rel=""nofollow"">Twitter for iPhone</a>",Here's how we're looking at the road ahead: https://t.co/a0KcsmpF39,,,,http://go.wh.gov/4b4M4z
7.0032E+17,7.0032E+17,1536791610,2016-02-18 14:05:31 +0000,"<a href=""http://twitter.com/download/iphone"" rel=""nofollow"">Twitter for iPhone</a>","Next month, I'll travel to Cuba to advance our progress and efforts that can improve the lives of the Cuban people.",,,,
7.0032E+17,7.00319E+17,1536791610,2016-02-18 14:03:35 +0000,"<a href=""http://twitter.com/download/iphone"" rel=""nofollow"">Twitter for iPhone</a>",We still have differences with the Cuban government that I will raise directly. America will always stand for human rights around the world.,,,,
7.00319E+17,7.00319E+17,1536791610,2016-02-18 14:01:31 +0000,"<a href=""http://twitter.com/download/iphone"" rel=""nofollow"">Twitter for iPhone</a>",Our flag flies over our Embassy in Havana once again. More Americans are traveling to Cuba than at any time in the last 50 years.,,,,
7.00319E+17,,,2016-02-18 14:00:05 +0000,"<a href=""http://twitter.com/download/iphone"" rel=""nofollow"">Twitter for iPhone</a>","14 months ago, I announced that we would begin normalizing relations with Cuba - and we've already made significant progress.",,,,
6.98575E+17,,,2016-02-13 18:30:11 +0000,"<a href=""http://twitter.com/download/iphone"" rel=""nofollow"">Twitter for iPhone</a>",Got a view yesterday of the lands we protected in CA. We owe it to our kids to preserve America's natural beauty. https://t.co/8OR9MrupyG,,,,http://twitter.com/POTUS/status/698574908247425024/photo/1
6.97929E+17,,,2016-02-11 23:43:14 +0000,"<a href=""http://twitter.com"" rel=""nofollow"">Twitter Web Client</a>",Einstein was right! Congrats to @NSF and @LIGO on detecting gravitational waves - a huge breakthrough in how we understand the universe.,,,,
6.97824E+17,,,2016-02-11 16:48:18 +0000,"<a href=""http://twitter.com"" rel=""nofollow"">Twitter Web Client</a>","Way to ace your AP Calc test, Landon! You should come drop some knowledge at the White House Science Fair: https://t.co/hFaAgxVdEE",,,,http://wapo.st/1RpdCk9
6.97186E+17,,,2016-02-09 22:30:32 +0000,"<a href=""http://twitter.com"" rel=""nofollow"">Twitter Web Client</a>","Just got off the phone with Coach Kubiak. Congrats to Peyton, Von Miller, and that monster @Broncos defense - see you at the White House!",,,,
6.95381E+17,,,2016-02-04 23:00:08 +0000,"<a href=""http://twitter.com"" rel=""nofollow"">Twitter Web Client</a>",Just got great news - nearly 13 million Americans signed up this round for private health insurance thanks to the Affordable Care Act.,,,,
6.93842E+17,,,2016-01-31 17:01:26 +0000,"<a href=""http://twitter.com/download/iphone"" rel=""nofollow"">Twitter for iPhone</a>",Cedrick; way to go on your perfect score! How about you come by the next White House Science Fair? https://t.co/r8TGIJICh7,,,,http://lat.ms/1TphKB4
6.93819E+17,,,2016-01-31 15:30:44 +0000,"<a href=""http://twitter.com/download/iphone"" rel=""nofollow"">Twitter for iPhone</a>","If you or someone you care about needs affordable health coverage, head over to https://t.co/A3qPizu4p2. Today's the last day to sign up!",,,,http://Healthcare.gov
6.93117E+17,,,2016-01-29 17:00:33 +0000,"<a href=""http://twitter.com"" rel=""nofollow"">Twitter Web Client</a>",We just took an important step on equal pay. Let's keep at it until every woman &amp; girl gets a fair shot at success: https://t.co/OJAsaK6ImG,,,,http://nyti.ms/23x9PWO
6.91736E+17,,,2016-01-25 21:33:47 +0000,"<a href=""http://twitter.com/download/iphone"" rel=""nofollow"">Twitter for iPhone</a>",The science couldn't be clearer - we owe it to our kids to do everything we can to combat climate change. https://t.co/497Wkkve58,,,,http://twitter.com/POTUS/status/691735740649050112/photo/1
6.89843E+17,6.89842E+17,1536791610,2016-01-20 16:14:33 +0000,"<a href=""http://twitter.com"" rel=""nofollow"">Twitter Web Client</a>",Seven years ago I bet on American workers and the American auto industry. I’d make that bet again any day of the week.,,,,
6.89842E+17,6.89841E+17,1536791610,2016-01-20 16:09:25 +0000,"<a href=""http://twitter.com"" rel=""nofollow"">Twitter Web Client</a>",Cars and trucks made in the USA are more fuel efficient than ever before – and still the best in the world.,,,,
6.89841E+17,6.89841E+17,1536791610,2016-01-20 16:05:48 +0000,"<a href=""http://twitter.com"" rel=""nofollow"">Twitter Web Client</a>","American automakers have added more than 640,000 jobs since mid-2009 – the strongest job growth on record. https://t.co/kLruJgpZI1",,,,http://twitter.com/POTUS/status/689841261902098432/photo/1
6.89841E+17,6.8984E+17,1536791610,2016-01-20 16:02:49 +0000,"<a href=""http://twitter.com"" rel=""nofollow"">Twitter Web Client</a>","In 2009, auto sales hit a 27-year low. Last year, they hit an all-time high. https://t.co/pDc8W8mtb5",,,,https://twitter.com/POTUS/status/689840513852137477/photo/1
6.8984E+17,,,2016-01-20 16:00:47 +0000,"<a href=""http://twitter.com"" rel=""nofollow"">Twitter Web Client</a>",Headed to the Detroit Auto Show today to showcase how our auto industry has come roaring back from the financial crisis. Here are the stats:,,,,
6.89101E+17,,,2016-01-18 15:03:32 +0000,"<a href=""http://twitter.com/download/iphone"" rel=""nofollow"">Twitter for iPhone</a>",Today we honor a man who challenged us to bend the arc of the moral universe toward justice. Let's keep working to realize Dr. King's dream.,,,,
6.87699E+17,,,2016-01-14 18:13:48 +0000,"<a href=""http://twitter.com"" rel=""nofollow"">Twitter Web Client</a>","Alright everyone, this was a lot of fun. Thanks for the great conversation. i'll be back soon!",,,,
6.87699E+17,6.87698E+17,1536791610,2016-01-14 18:12:39 +0000,"<a href=""http://twitter.com"" rel=""nofollow"">Twitter Web Client</a>",places to start - @GabbyGiffords's https://t.co/ATm1M4iMgU and @Everytown,,,,http://americansforresponsiblesolutions.org
6.87698E+17,,,2016-01-14 18:11:01 +0000,"<a href=""http://twitter.com"" rel=""nofollow"">Twitter Web Client</a>",great - we need well-meaning folks from all stripes to get info on how we can respect 2A and reduce gun violence https://t.co/dZ0vRltrZg,,,,https://twitter.com/drpearcekorb/status/687429380755308544
6.87698E+17,,,2016-01-14 18:08:05 +0000,"<a href=""http://twitter.com"" rel=""nofollow"">Twitter Web Client</a>","the night aca passed; standing on truman balcony with all staff whod made it happen, knowing we'd helped millions. https://t.co/eUr3rZ3UN7",,,,https://twitter.com/nialler4th_lee/status/687669713313349633
6.87697E+17,,,2016-01-14 18:06:10 +0000,"<a href=""http://twitter.com"" rel=""nofollow"">Twitter Web Client</a>",despite court cases like citizens united ill work with orgs/states across US to find new ways 2 reduce $ in politics https://t.co/fuTdewJcyh,,,,https://twitter.com/balau/status/687670118847885312
6.87696E+17,6.87696E+17,1536791610,2016-01-14 18:01:08 +0000,"<a href=""http://twitter.com"" rel=""nofollow"">Twitter Web Client</a>","so we all need to speak out against bias and stereotypes, to protect the freedom of others, and our own as well.",,,,
6.87696E+17,,,2016-01-14 17:59:47 +0000,"<a href=""http://twitter.com"" rel=""nofollow"">Twitter Web Client</a>",overwhelming majority of americans understand of diversity and religious pluralism is one of our greatest strengths  https://t.co/AM1JLoA1TI,,,,https://twitter.com/marcplummer1998/status/687655494098407425
6.87695E+17,,,2016-01-14 17:57:48 +0000,"<a href=""http://twitter.com"" rel=""nofollow"">Twitter Web Client</a>","health care inflation lowest in decades since ACA passed; problem is more costs passed to workers thru copays, etc. https://t.co/ElBcrjxa6L",,,,https://twitter.com/shirleyp_2009/status/687660738752544768
6.87695E+17,,,2016-01-14 17:55:54 +0000,"<a href=""http://twitter.com"" rel=""nofollow"">Twitter Web Client</a>","love em all, but as a bulls fan got to go with mj. in baton rouge, just met lsu freshman ben simmons - will be great https://t.co/Du1gflVYp4",,,,https://twitter.com/kool_ant/status/687671251112861696
6.87694E+17,,,2016-01-14 17:54:23 +0000,"<a href=""http://twitter.com"" rel=""nofollow"">Twitter Web Client</a>","new power plant rule reduces biggest source of CO2; now we need to invest in clean energy tech, energy efficiency. https://t.co/gQg3FEHXxo",,,,https://twitter.com/Brentrou/status/687663122832846852
6.87694E+17,,,2016-01-14 17:51:30 +0000,"<a href=""http://twitter.com"" rel=""nofollow"">Twitter Web Client</a>",new LA gov edwards just expanded medicaid; gets 1000s coverage &amp; helps the state budget. more states need to follow  https://t.co/08mDX2H4Pt,,,,https://twitter.com/1time4bryant/status/687674876069453824
6.87693E+17,,,2016-01-14 17:48:10 +0000,"<a href=""http://twitter.com"" rel=""nofollow"">Twitter Web Client</a>","Expanded pell grants, capped loan repayments at 10% income, but now want to also make 2 yrs community college free. https://t.co/RS9XFDpp9c",,,,https://twitter.com/SydAlexisss/status/687662507348127744
6.87692E+17,,,2016-01-14 17:45:28 +0000,"<a href=""http://twitter.com/download/iphone"" rel=""nofollow"">Twitter for iPhone</a>","Before I start, wanted to share this. Liberia is now Ebola-free. Great example of what we can achieve when we lead. https://t.co/qjVcwg8tIi",,,,http://twitter.com/POTUS/status/687692019372707840/photo/1
6.87692E+17,,,2016-01-14 17:45:04 +0000,"<a href=""http://twitter.com/download/iphone"" rel=""nofollow"">Twitter for iPhone</a>",Hey everyone! Ready to answer your questions here at McKinley High School in Baton Rouge. Let's do this. #AskPOTUS https://t.co/jA1MEbwcxg,,,,http://twitter.com/POTUS/status/687691919065915392/video/1
6.8765E+17,,,2016-01-14 14:59:24 +0000,"<a href=""http://twitter.com/download/iphone"" rel=""nofollow"">Twitter for iPhone</a>",Looking forward to hearing your ideas about what we can accomplish this year &amp; beyond. I'll answer your questions on #AskPOTUS at 12:30p ET.,,,,
6.87082E+17,,,2016-01-13 01:20:19 +0000,"<a href=""http://twitter.com/download/iphone"" rel=""nofollow"">Twitter for iPhone</a>","I'm treating this last State of the Union just like my first - because I'm still just as hungry. I hope you tune in, because it's for you.",,,,
6.87046E+17,,,2016-01-12 22:58:38 +0000,"<a href=""http://twitter.com/download/iphone"" rel=""nofollow"">Twitter for iPhone</a>","So proud of you, Scott. How long is the delay up there? See you when you get back!  https://t.co/doBpaDeZXq",,,,https://twitter.com/stationcdrkelly/status/687023415606165504
6.84862E+17,,,2016-01-06 22:21:03 +0000,"<a href=""http://twitter.com/download/iphone"" rel=""nofollow"">Twitter for iPhone</a>","About time, Denis! Welcome. Let me know if you need any pointers. https://t.co/WullueHj28",,,,https://twitter.com/denis44/status/684858419174617088
6.84159E+17,6.84158E+17,1536791610,2016-01-04 23:46:28 +0000,"<a href=""http://twitter.com"" rel=""nofollow"">Twitter Web Client</a>","The gun lobby may be holding Congress hostage, but they can't hold America hostage. We can't accept this carnage in our communities.",,,,
6.84158E+17,6.84156E+17,1536791610,2016-01-04 23:41:25 +0000,"<a href=""http://twitter.com"" rel=""nofollow"">Twitter Web Client</a>",What's often ignored in this debate is that a majority of gun owners agree with commonsense steps to save lives.,,,,
6.84156E+17,6.84156E+17,1536791610,2016-01-04 23:36:16 +0000,"<a href=""http://twitter.com"" rel=""nofollow"">Twitter Web Client</a>","We will keep guns out of the wrong hands, enforce our guns laws, and ensure those with serious mental illnesses get treatment.",,,,
6.84156E+17,6.84155E+17,1536791610,2016-01-04 23:32:45 +0000,"<a href=""http://twitter.com"" rel=""nofollow"">Twitter Web Client</a>","Tomorrow, I'm taking action to reduce gun violence and save lives - protecting the Second Amendment and our kids. https://t.co/vNqXEhaC9M",,,,https://twitter.com/POTUS/status/684155537433309184/photo/1
6.84155E+17,6.84154E+17,1536791610,2016-01-04 23:29:11 +0000,"<a href=""http://twitter.com"" rel=""nofollow"">Twitter Web Client</a>","Guns now kill as many people as cars in almost half of the U.S. We can't stop every act of violence, but we can save lives if we act.",,,,
6.84154E+17,,,2016-01-04 23:26:21 +0000,"<a href=""http://twitter.com"" rel=""nofollow"">Twitter Web Client</a>","Each year, more than 30,000 American lives are cut short by guns - two-thirds coming from suicides. Too many Americans have lost loved ones.",,,,
6.80464E+17,,,2015-12-25 19:04:41 +0000,"<a href=""http://twitter.com/download/iphone"" rel=""nofollow"">Twitter for iPhone</a>","From the Obama family to yours, Merry Christmas! And a special thank you to all our men and women in uniform this holiday season.",,,,
6.79774E+17,,,2015-12-23 21:21:01 +0000,"<a href=""http://twitter.com/download/iphone"" rel=""nofollow"">Twitter for iPhone</a>",I'm proud of the @NBA for taking a stand against gun violence. Sympathy for victims isn't enough – change requires all of us speaking up.,,,,
6.78657E+17,,,2015-12-20 19:22:11 +0000,"<a href=""http://twitter.com/download/iphone"" rel=""nofollow"">Twitter for iPhone</a>",Zaevion Dobson died saving three friends from getting shot. He was a hero at 15. What's our excuse for not acting? https://t.co/hn98uGsjKZ,,,,http://wpo.st/05Vy0
6.77991E+17,,,2015-12-18 23:18:05 +0000,"<a href=""http://twitter.com/download/iphone"" rel=""nofollow"">Twitter for iPhone</a>",RT @NASA: .@NASA_Hubble found what looks like a cosmic lightsaber in our Milky Way galaxy: https://t.co/vVBSVTpH2L #StarWars https://t.co/P…,6.77567E+17,11348282,2015-12-17 19:10:27 +0000,"http://go.nasa.gov/1PbjXic,http://go.nasa.gov/1PbjXic,https://twitter.com/NASA/status/677566544164073472/photo/1"
6.77223E+17,,,2015-12-16 20:24:12 +0000,"<a href=""http://twitter.com"" rel=""nofollow"">Twitter Web Client</a>","Congrats on a great career, Abby Wambach. For the goals you’ve scored &amp; the kids you’ve inspired, you’re the GOAT! https://t.co/Kud56ChsBO",,,,https://twitter.com/POTUS/status/677222716303364098/photo/1
6.75812E+17,,,2015-12-12 22:58:54 +0000,"<a href=""http://twitter.com/download/iphone"" rel=""nofollow"">Twitter for iPhone</a>","The strong Paris agreement on climate means a safer, more secure world for our kids. A perfect example of what American leadership can do.",,,,
6.75063E+17,,,2015-12-10 21:21:21 +0000,"<a href=""http://twitter.com/download/iphone"" rel=""nofollow"">Twitter for iPhone</a>",The opioid epidemic is destroying lives. We need to put treatment within reach of anyone who needs it. https://t.co/RJfKkield9,,,,https://twitter.com/POTUS/status/675062773307588610/photo/1
6.74736E+17,,,2015-12-09 23:42:45 +0000,"<a href=""http://twitter.com/download/iphone"" rel=""nofollow"">Twitter for iPhone</a>","Herzlichen Glückwunsch to my friend and Time's Person of the Year, Angela Merkel! Thanks for your moral leadership and strong partnership.",,,,
6.7462E+17,,,2015-12-09 16:03:33 +0000,"<a href=""http://twitter.com/download/iphone"" rel=""nofollow"">Twitter for iPhone</a>","150 years since the abolition of slavery, a turning point in our history. Progress - that's our story.",,,,
6.71366E+17,,,2015-11-30 16:31:40 +0000,"<a href=""http://twitter.com/download/iphone"" rel=""nofollow"">Twitter for iPhone</a>","Addressing climate change takes all of us, especially the private sector going all-in on clean energy worldwide. https://t.co/qQ6wCZUR1Z",,,,https://twitter.com/billgates/status/671325937749872640
6.71094E+17,,,2015-11-29 22:31:55 +0000,"<a href=""http://twitter.com/download/iphone"" rel=""nofollow"">Twitter for iPhone</a>",Good news: the world now adds more clean power capacity each year than dirtier fossil-fuel based power capacity. https://t.co/nrNiwDAKuN,,,,https://twitter.com/POTUS/status/671094262826704896/photo/1
6.70745E+17,,,2015-11-28 23:24:25 +0000,"<a href=""http://twitter.com/download/iphone"" rel=""nofollow"">Twitter for iPhone</a>",Enjoyed stopping by Upshur Street Books today. Celebrate Small Business Saturday by supporting a business near you. https://t.co/udTcIhxtOC,,,,https://twitter.com/POTUS/status/670745089975721984/photo/1
6.69924E+17,,,2015-11-26 17:01:27 +0000,"<a href=""http://twitter.com/download/iphone"" rel=""nofollow"">Twitter for iPhone</a>","Happy Thanksgiving, everyone! Today, we give thanks for all of our loved ones and the brave men and women in uniform who serve our country.",,,,
6.67022E+17,6.67021E+17,1536791610,2015-11-18 16:49:20 +0000,"<a href=""http://twitter.com/download/iphone"" rel=""nofollow"">Twitter for iPhone</a>",Slamming the door in the face of refugees would betray our deepest values. That's not who we are. And it's not what we're going to do.,,,,
6.67021E+17,6.6702E+17,1536791610,2015-11-18 16:46:31 +0000,"<a href=""http://twitter.com/download/iphone"" rel=""nofollow"">Twitter for iPhone</a>",Welcoming the world’s vulnerable who seek the safety of America is not new to us. We've safely welcomed 3 million refugees since 1975.,,,,
6.6702E+17,6.6702E+17,1536791610,2015-11-18 16:44:01 +0000,"<a href=""http://twitter.com/download/iphone"" rel=""nofollow"">Twitter for iPhone</a>","Here, our focus is giving safe haven to the most vulnerable Syrians – women, children, and survivors of torture.",,,,
6.6702E+17,6.67019E+17,1536791610,2015-11-18 16:41:48 +0000,"<a href=""http://twitter.com/download/iphone"" rel=""nofollow"">Twitter for iPhone</a>","We will provide refuge to at least 10,000 refugees fleeing violence in Syria over the next year after they pass the highest security checks.",,,,
6.67019E+17,6.67019E+17,1536791610,2015-11-18 16:39:48 +0000,"<a href=""http://twitter.com/download/iphone"" rel=""nofollow"">Twitter for iPhone</a>",We also win this fight with our values. America can ensure our own security while welcoming refugees desperately seeking safety from ISIL.,,,,
6.67019E+17,,,2015-11-18 16:37:04 +0000,"<a href=""http://twitter.com/download/iphone"" rel=""nofollow"">Twitter for iPhone</a>","Protecting the American people is my top priority. With our 65 global partners, we're leading the campaign to degrade and destroy ISIL.",,,,
6.64853E+17,,,2015-11-12 17:13:00 +0000,"<a href=""http://twitter.com/download/iphone"" rel=""nofollow"">Twitter for iPhone</a>","This is an American hero: Capt. Groberg put it all on the line for his team. On his worst day, he gave us his best. https://t.co/WdWAPswJpE",,,,https://twitter.com/POTUS/status/664853410135613440/photo/1
6.64466E+17,,,2015-11-11 15:35:20 +0000,"<a href=""http://twitter.com/download/iphone"" rel=""nofollow"">Twitter for iPhone</a>","Today, we honor the incredible men and women who have served our country. Their sacrifice and selflessness is second to none.",,,,
6.63814E+17,,,2015-11-09 20:20:51 +0000,"<a href=""http://twitter.com/download/iphone"" rel=""nofollow"">Twitter for iPhone</a>",I just launched my Facebook page with a video on climate change. America will lead on this. The time to act is now. https://t.co/WG5y1FbhIA,,,,http://Facebook.com/POTUS
6.60866E+17,,,2015-11-01 17:10:25 +0000,"<a href=""http://twitter.com/download/iphone"" rel=""nofollow"">Twitter for iPhone</a>","Every American deserves quality, affordable health care. If you or a friend needs coverage, go to https://t.co/PJ7xIL6FjY and sign up now.",,,,http://HealthCare.gov
6.59775E+17,,,2015-10-29 16:55:03 +0000,"<a href=""http://twitter.com/download/iphone"" rel=""nofollow"">Twitter for iPhone</a>",Who knew community policing could involve the Nae Nae? Great example of police having fun while keeping us safe: https://t.co/ZGeTDm6OYw,,,,http://wapo.st/1iia2cP
6.59197E+17,,,2015-10-28 02:35:38 +0000,"<a href=""http://twitter.com/download/iphone"" rel=""nofollow"">Twitter for iPhone</a>",Good to be home for a night. Even better to see the @chicagobulls start the season off right! #SeeRed,,,,
6.57641E+17,,,2015-10-23 19:33:37 +0000,"<a href=""http://twitter.com/#!/download/ipad"" rel=""nofollow"">Twitter for iPad</a>",Our thoughts are with the Mexican people as they brace for Hurricane Patricia. USAID disaster experts are on the ground and ready to help.,,,,
6.56926E+17,,,2015-10-21 20:13:50 +0000,"<a href=""http://twitter.com/download/iphone"" rel=""nofollow"">Twitter for iPhone</a>","Happy Back to the Future Day, @RealMikeFox! Ever think about the fact that we live in the future we dreamed of then? That's heavy, man.",,,,
6.56894E+17,6.56893E+17,1536791610,2015-10-21 18:05:18 +0000,"<a href=""http://twitter.com"" rel=""nofollow"">Twitter Web Client</a>",So I'm eager to hear from folks in Charleston today on actions we can take to put recovery within reach for anyone who needs it.,,,,
6.56893E+17,6.56892E+17,1536791610,2015-10-21 18:01:44 +0000,"<a href=""http://twitter.com"" rel=""nofollow"">Twitter Web Client</a>",Communities are showing that we should approach substance use disorders as an opportunity to intervene rather than a race to incarcerate.,,,,
6.56892E+17,6.56892E+17,1536791610,2015-10-21 17:58:32 +0000,"<a href=""http://twitter.com"" rel=""nofollow"">Twitter Web Client</a>",With no other disease do we expect people to wait until they're a danger to themselves or others to self-diagnose and seek treatment.,,,,
6.56892E+17,6.56891E+17,1536791610,2015-10-21 17:55:13 +0000,"<a href=""http://twitter.com"" rel=""nofollow"">Twitter Web Client</a>",4 in 5 heroin users started out by misusing prescription opioids. Heroin-related deaths nearly quadrupled between 2002 and 2013.,,,,
6.56891E+17,6.5689E+17,1536791610,2015-10-21 17:52:04 +0000,"<a href=""http://twitter.com"" rel=""nofollow"">Twitter Web Client</a>","Sales of powerful painkillers have skyrocketed. In 2012, enough prescriptions were written to give every American adult a bottle of pills.",,,,
6.5689E+17,6.56889E+17,1536791610,2015-10-21 17:48:30 +0000,"<a href=""http://twitter.com"" rel=""nofollow"">Twitter Web Client</a>",120 Americans die every day from drug overdoses - most involving legal prescription drugs. That's more than from car crashes.,,,,
6.56889E+17,,,2015-10-21 17:46:38 +0000,"<a href=""http://twitter.com"" rel=""nofollow"">Twitter Web Client</a>",Heading to West Virginia today to talk about the epidemic of prescription drug abuse in America and what we can do to help. The facts:,,,,
6.56546E+17,,,2015-10-20 19:03:46 +0000,"<a href=""http://twitter.com/download/iphone"" rel=""nofollow"">Twitter for iPhone</a>","RT @FactsOnClimate: Climate change threatens us all, and it will take all of us to solve it. Get the facts on how we can: https://t.co/D0uI…",6.56497E+17,3907577966,2015-10-20 15:46:08 +0000,http://go.wh.gov/Climate
6.56264E+17,,,2015-10-20 00:20:17 +0000,"<a href=""http://twitter.com"" rel=""nofollow"">Twitter Web Client</a>",I got a chance to catch up with the @Space_Station crew today. Nothing like a call to space on #AstronomyNight! https://t.co/JVLzYDQ8Jo,,,,http://snpy.tv/1LkWhV5
6.56154E+17,,,2015-10-19 17:03:03 +0000,"<a href=""http://twitter.com/download/iphone"" rel=""nofollow"">Twitter for iPhone</a>",I just met with CEOs of some of our biggest companies who are stepping up to #ActOnClimate. It's good for the planet - and the bottom line.,,,,
6.55045E+17,,,2015-10-16 15:36:52 +0000,"<a href=""http://twitter.com"" rel=""nofollow"">Twitter Web Client</a>",Congrats @HokuleaWWV on reaching Africa—midpoint of worldwide voyage to spread message of caring for the one planet we've got. #MalamaHonua,,,,
6.54094E+17,,,2015-10-14 00:39:33 +0000,"<a href=""http://twitter.com/download/iphone"" rel=""nofollow"">Twitter for iPhone</a>",Congrats @Cubs - even @whitesox fans are rooting for you!,,,,
6.49749E+17,,,2015-10-02 00:52:38 +0000,"<a href=""http://twitter.com/download/iphone"" rel=""nofollow"">Twitter for iPhone</a>","Thanks, Zack. https://t.co/gOGzWmYdxQ",,,,https://twitter.com/zackbeauchamp/status/649727266835046400
6.48544E+17,6.48543E+17,1536791610,2015-09-28 17:05:17 +0000,"<a href=""http://twitter.com/download/iphone"" rel=""nofollow"">Twitter for iPhone</a>",We have a moral responsibility to do what we can for families forced from their homes. Find out how you can help at http://t.co/J8A6mTD6D4.,,,,http://AidRefugees.gov
6.48543E+17,6.48543E+17,1536791610,2015-09-28 17:03:09 +0000,"<a href=""http://twitter.com/download/iphone"" rel=""nofollow"">Twitter for iPhone</a>",But this isn't just about what I can do as President. Every single one of us - from citizens to NGOs - can help refugees find safe haven.,,,,
6.48543E+17,6.48543E+17,1536791610,2015-09-28 17:01:48 +0000,"<a href=""http://twitter.com/download/iphone"" rel=""nofollow"">Twitter for iPhone</a>","We're also increasing the number of Syrian and other refugees we admit to the U.S. to 100,000 per year for the next two years.",,,,
6.48543E+17,6.48542E+17,1536791610,2015-09-28 17:00:08 +0000,"<a href=""http://twitter.com/download/iphone"" rel=""nofollow"">Twitter for iPhone</a>",We've provided more than $4.5 billion in humanitarian aid to help meet the needs of those impacted by the Syrian conflict.,,,,
6.48542E+17,,,2015-09-28 16:58:34 +0000,"<a href=""http://twitter.com/download/iphone"" rel=""nofollow"">Twitter for iPhone</a>","Nearly 12 million people have been displaced by the conflict in Syria. As Americans, we can't sit idly by. That's not who we are.",,,,
6.47912E+17,,,2015-09-26 23:15:51 +0000,"<a href=""http://twitter.com/download/iphone"" rel=""nofollow"">Twitter for iPhone</a>",I'm grateful for the teachers who helped spark my sense of curiosity. The #62MillionGirls who aren't in school should have that same chance.,,,,
6.46787E+17,,,2015-09-23 20:42:08 +0000,"<a href=""http://twitter.com/download/iphone"" rel=""nofollow"">Twitter for iPhone</a>","Yogi Berra was an American original - a Hall of Famer, jovial prophet, &amp; a humble veteran. We'll miss you, Yogi, but your legacy ain't over.",,,,
6.46667E+17,,,2015-09-23 12:45:23 +0000,"<a href=""http://twitter.com/download/iphone"" rel=""nofollow"">Twitter for iPhone</a>","Welcome to the White House, @Pontifex! Your messages of love, hope, and peace have inspired us all.",,,,
6.4639E+17,,,2015-09-22 18:27:13 +0000,"<a href=""http://twitter.com/download/iphone"" rel=""nofollow"">Twitter for iPhone</a>",Millions of families are more secure thanks to the ACA. Join them and #GetCovered on Nov 1: http://t.co/PJ7xIL6FjY  https://t.co/GF6yS0aHol,,,,"http://HealthCare.gov,https://twitter.com/secburwell/status/646328750372704256"
6.46351E+17,,,2015-09-22 15:52:10 +0000,"<a href=""http://twitter.com/download/iphone"" rel=""nofollow"">Twitter for iPhone</a>",Our right to vote is sacred. It's the foundation of our democracy. You can find out how to register to vote at http://t.co/8kaqY0U3fn.,,,,http://vote.usa.gov
6.44194E+17,,,2015-09-16 16:58:54 +0000,"<a href=""http://twitter.com/download/iphone"" rel=""nofollow"">Twitter for iPhone</a>","Cool clock, Ahmed. Want to bring it to the White House? We should inspire more kids like you to like science. It's what makes America great.",,,,
6.43886E+17,6.43885E+17,1536791610,2015-09-15 20:36:39 +0000,"<a href=""http://twitter.com"" rel=""nofollow"">Twitter Web Client</a>",We've fought back because of you. We shouldn't slip back because of Congress. I urge them to send me a budget that invests in our future.,,,,
6.43885E+17,6.43885E+17,1536791610,2015-09-15 20:33:37 +0000,"<a href=""http://twitter.com"" rel=""nofollow"">Twitter Web Client</a>","When I took office, the budget deficit had reached 9.2% of our GDP. We've cut that down to 2.8%. http://t.co/3viaw4b0bB",,,,https://twitter.com/POTUS/status/643885400847593472/photo/1
6.43885E+17,6.43884E+17,1536791610,2015-09-15 20:30:45 +0000,"<a href=""http://twitter.com"" rel=""nofollow"">Twitter Web Client</a>","When I took office, 15.4% of our population was uninsured. Today, we’ve cut that by more than a third. http://t.co/3OOqcz8Oxp",,,,https://twitter.com/POTUS/status/643884680253599744/photo/1
6.43884E+17,6.43883E+17,1536791610,2015-09-15 20:27:51 +0000,"<a href=""http://twitter.com"" rel=""nofollow"">Twitter Web Client</a>","In 2009, our auto industry was flatlining. Now our workers are on pace to sell more American cars and trucks than any year since 2001.",,,,
6.43883E+17,6.43882E+17,1536791610,2015-09-15 20:24:27 +0000,"<a href=""http://twitter.com"" rel=""nofollow"">Twitter Web Client</a>",We've cut the unemployment rate in half – from a high of 10% down to 5.1%. And we're not done. http://t.co/uRfaSoiGuA,,,,http://twitter.com/POTUS/status/643883096689913856/photo/1
6.43882E+17,6.43882E+17,1536791610,2015-09-15 20:21:43 +0000,"<a href=""http://twitter.com"" rel=""nofollow"">Twitter Web Client</a>","When I took office, 800,000 Americans lost their jobs each month. Our businesses have now added 13.1 million jobs over 66 straight months.",,,,
6.43882E+17,,,2015-09-15 20:20:41 +0000,"<a href=""http://twitter.com"" rel=""nofollow"">Twitter Web Client</a>","7 years ago today, Lehman Brothers filed for bankruptcy, setting off the worst financial crisis in decades. Here's how far we've come:",,,,
6.43441E+17,,,2015-09-14 15:06:10 +0000,"<a href=""http://twitter.com"" rel=""nofollow"">Twitter Web Client</a>","""@FAFSA"" might be hard to say, but filling it out can help you pay for college. FLOTUS, you're up! #5TimesFAFSA http://t.co/y1Jv8aeGUH",,,,http://snpy.tv/1LtQ6v3
6.42328E+17,,,2015-09-11 13:24:05 +0000,"<a href=""http://twitter.com/download/iphone"" rel=""nofollow"">Twitter for iPhone</a>","14 years after the terrorist attacks of 9/11, we honor those we lost. We salute all who serve to keep us safe. We stand as strong as ever.",,,,
6.42084E+17,,,2015-09-10 21:15:51 +0000,"<a href=""http://twitter.com/download/iphone"" rel=""nofollow"">Twitter for iPhone</a>",Today's Senate vote on the Iran deal is a historic step toward preventing Iran from obtaining a nuclear weapon. The world is safer for it.,,,,
6.40567E+17,,,2015-09-06 16:45:57 +0000,"<a href=""http://twitter.com/download/iphone"" rel=""nofollow"">Twitter for iPhone</a>","Thank you, Colin, for putting your experience and expertise behind this important initiative for our country. https://t.co/bSnaLMs8CU",,,,https://twitter.com/meetthepress/status/640515936647258112
6.39509E+17,,,2015-09-03 18:42:44 +0000,"<a href=""http://twitter.com"" rel=""nofollow"">Twitter Web Client</a>",I loved Alaska and met so many inspiring people. Have to keep up the fight on climate change for their sake—and ours. http://t.co/HzWW0S6iQc,,,,http://snpy.tv/1JQQYbZ
6.38404E+17,,,2015-08-31 17:31:01 +0000,"<a href=""http://twitter.com"" rel=""nofollow"">Twitter Web Client</a>","Today we’re returning Mount McKinley to its native name - Denali, a step to reflect the heritage of Alaska Natives. http://t.co/WyzQImKymX",,,,https://twitter.com/POTUS/status/638403631306248192/photo/1
6.37734E+17,,,2015-08-29 21:09:18 +0000,"<a href=""http://twitter.com/download/iphone"" rel=""nofollow"">Twitter for iPhone</a>","In Treme, I was inspired by the progress &amp; people 10 years after Katrina. It gives us hope, but our work isn't done. http://t.co/LDqsARhnZt",,,,http://twitter.com/POTUS/status/637733790090199040/photo/1
6.36923E+17,,,2015-08-27 15:27:51 +0000,"<a href=""http://twitter.com/download/iphone"" rel=""nofollow"">Twitter for iPhone</a>","Amidst global volatility, Congress should protect the momentum of our growing economy (not kill it). We must avoid shutdown / austerity.",,,,
6.36236E+17,,,2015-08-25 17:55:38 +0000,"<a href=""http://twitter.com"" rel=""nofollow"">Twitter Web Client</a>",The National Park Service: 99 years and 84 million acres strong. Congrats to all who work to protect these treasures. http://t.co/R8RyB9vkVW,,,,https://twitter.com/POTUS/status/636235501658222592/photo/1
6.34413E+17,,,2015-08-20 17:14:53 +0000,"<a href=""http://twitter.com/download/iphone"" rel=""nofollow"">Twitter for iPhone</a>","President Carter is as good a man as they come. Michelle and I are praying for him and Rosalynn. We're all pulling for you, Jimmy.",,,,
6.32213E+17,,,2015-08-14 15:30:35 +0000,"<a href=""http://twitter.com/download/iphone"" rel=""nofollow"">Twitter for iPhone</a>","Due to popular request, here are my vacation playlists: http://t.co/uer5sIl4Vk http://t.co/zHEekHvQBr What's your favorite summer song?",,,,"http://spoti.fi/potusplaylist1,http://spoti.fi/potusplaylist2"
6.3221E+17,,,2015-08-14 15:18:58 +0000,"<a href=""http://twitter.com/download/iphone"" rel=""nofollow"">Twitter for iPhone</a>","RT @JohnKerry: Pleased to be in #Havana for historic day @USEmbCuba. Incredible: last time #SecState visited #Cuba, FDR was @POTUS. http://…",6.32205E+17,15007149,2015-08-14 15:00:00 +0000,https://twitter.com/JohnKerry/status/632205031740153856/photo/1
6.29344E+17,,,2015-08-06 17:30:29 +0000,"<a href=""http://twitter.com/download/iphone"" rel=""nofollow"">Twitter for iPhone</a>",Thank you for all you've done to protect our sacred right to vote. It's as important today as it's ever been. https://t.co/ge74wu5nc1,,,,https://twitter.com/repjohnlewis/status/629343428925636609
6.29343E+17,6.29342E+17,1536791610,2015-08-06 17:26:02 +0000,"<a href=""http://twitter.com/download/iphone"" rel=""nofollow"">Twitter for iPhone</a>","Heroes like @RepJohnLewis, Dr. King, and countless others sacrificed so that all of our voices could be heard. http://t.co/L7kxtWQlYW",,,,https://twitter.com/POTUS/status/629342681962049538/photo/1
6.29342E+17,6.29342E+17,1536791610,2015-08-06 17:23:33 +0000,"<a href=""http://twitter.com/download/iphone"" rel=""nofollow"">Twitter for iPhone</a>","Before 1965, African Americans faced poll taxes, literacy tests, or having to count jellybeans in a jar when they tried to register to vote.",,,,
6.29342E+17,,,2015-08-06 17:21:27 +0000,"<a href=""http://twitter.com/download/iphone"" rel=""nofollow"">Twitter for iPhone</a>","50 years ago today, President Johnson signed the Voting Rights Act into law, securing the right to vote for millions of African Americans.",,,,
6.29065E+17,,,2015-08-05 23:01:41 +0000,"<a href=""http://twitter.com/download/iphone"" rel=""nofollow"">Twitter for iPhone</a>",Pretty incredible time lapse of the dark side of the moon passing Earth from @NASA. American ingenuity at work! http://t.co/JKep9bcxGQ,,,,https://twitter.com/POTUS/status/629064761188184064/video/1
6.29031E+17,,,2015-08-05 20:46:43 +0000,"<a href=""http://twitter.com/download/iphone"" rel=""nofollow"">Twitter for iPhone</a>",Important detail – there are no secret deals. My staff can brief you on any question about any part of the deal. https://t.co/UO0B5xCOPh,,,,https://twitter.com/stevescalise/status/628971521663475712
6.2903E+17,,,2015-08-05 20:45:23 +0000,"<a href=""http://twitter.com/download/iphone"" rel=""nofollow"">Twitter for iPhone</a>",The choice is ultimately between diplomacy and war. Iran's nuclear program accelerates if Congress kills this deal. https://t.co/nvBeO1Omko,,,,https://twitter.com/senatemajldr/status/628946892236451840
6.29028E+17,,,2015-08-05 20:36:48 +0000,"<a href=""http://twitter.com/download/iphone"" rel=""nofollow"">Twitter for iPhone</a>","It's the strongest nuclear deal ever negotiated. There's no such thing as a ""better deal."" Walking away risks war. https://t.co/la7GhQXfzl",,,,https://twitter.com/angelakkmiller/status/628944989406556160
6.28286E+17,6.28285E+17,1536791610,2015-08-03 19:29:02 +0000,"<a href=""http://twitter.com/download/iphone"" rel=""nofollow"">Twitter for iPhone</a>",I refuse to condemn our kids to a planet that's beyond fixing. Let's meet this challenge and #ActOnClimate together.,,,,
6.28285E+17,6.28284E+17,1536791610,2015-08-03 19:23:30 +0000,"<a href=""http://twitter.com/download/iphone"" rel=""nofollow"">Twitter for iPhone</a>","Despite what the critics will tell you, this plan will ultimately save the average American family nearly $85 a year on their energy bills.",,,,
6.28284E+17,6.28283E+17,1536791610,2015-08-03 19:18:32 +0000,"<a href=""http://twitter.com/download/iphone"" rel=""nofollow"">Twitter for iPhone</a>","Thanks to this plan, there will be 90,000 fewer asthma attacks among our kids and we'll avoid 3,600 premature deaths in 2030.",,,,
6.28283E+17,6.28282E+17,1536791610,2015-08-03 19:15:25 +0000,"<a href=""http://twitter.com/download/iphone"" rel=""nofollow"">Twitter for iPhone</a>","It's time to change that. With the Clean Power Plan, by 2030, carbon pollution from power plants will be 32% lower than it was a decade ago.",,,,
6.28282E+17,6.28281E+17,1536791610,2015-08-03 19:11:58 +0000,"<a href=""http://twitter.com/download/iphone"" rel=""nofollow"">Twitter for iPhone</a>","Right now, power plants account for about one-third of America’s carbon pollution. That’s more than our cars, airplanes, and homes combined.",,,,
6.28281E+17,6.28281E+17,1536791610,2015-08-03 19:06:54 +0000,"<a href=""http://twitter.com/download/iphone"" rel=""nofollow"">Twitter for iPhone</a>","Levels of carbon dioxide in our atmosphere are higher than they’ve been in 800,000 years. 2014 was the planet’s warmest year on record.",,,,
6.28281E+17,,,2015-08-03 19:06:08 +0000,"<a href=""http://twitter.com/download/iphone"" rel=""nofollow"">Twitter for iPhone</a>","Today, we're announcing America's Clean Power Plan—the most important step we've ever taken to combat climate change. Here are the facts:",,,,
6.27561E+17,,,2015-08-01 19:25:04 +0000,"<a href=""http://twitter.com/download/iphone"" rel=""nofollow"">Twitter for iPhone</a>","Hey @StationCDRKelly, loving the photos. Do you ever look out the window and just freak out?",,,,
6.27211E+17,,,2015-07-31 20:15:39 +0000,"<a href=""http://twitter.com/download/iphone"" rel=""nofollow"">Twitter for iPhone</a>","Launching a pilot program to help students in prison pay for college, because everyone willing to work for it deserves a second chance.",,,,
6.26794E+17,,,2015-07-30 16:39:56 +0000,"<a href=""http://twitter.com/download/iphone"" rel=""nofollow"">Twitter for iPhone</a>","Happy 50th birthday, Medicare and Medicaid! Two programs, one promise: that every American deserves a basic measure of dignity and security.",,,,
6.25412E+17,,,2015-07-26 21:05:59 +0000,"<a href=""http://twitter.com/download/iphone"" rel=""nofollow"">Twitter for iPhone</a>","25 years of the ADA and Americans with disabilities are breaking more barriers than ever, making all of us more free. Let's keep going.",,,,
6.24692E+17,,,2015-07-24 21:25:42 +0000,"<a href=""http://twitter.com/download/iphone"" rel=""nofollow"">Twitter for iPhone</a>","Proud to be the first American President to visit Kenya. Happy to see family, and to talk with young Kenyans about the future.",,,,
6.23662E+17,,,2015-07-22 01:13:00 +0000,"<a href=""http://twitter.com/download/iphone"" rel=""nofollow"">Twitter for iPhone</a>","E.L. Doctorow was one of America's greatest novelists. His books taught me much, and he will be missed.",,,,
6.23503E+17,,,2015-07-21 14:40:25 +0000,"<a href=""http://twitter.com/download/iphone"" rel=""nofollow"">Twitter for iPhone</a>",RT @TheIranDeal: The historic #IranDeal succeeds in verifying that Iran cannot obtain a nuclear weapon. Follow to get the facts: http://t.c…,6.235E+17,3281853858,2015-07-21 14:30:13 +0000,http://go.wh.gov/IranDealFacts
6.23137E+17,,,2015-07-20 14:27:08 +0000,"<a href=""http://twitter.com/download/iphone"" rel=""nofollow"">Twitter for iPhone</a>",Just got this new blue marble photo from @NASA. A beautiful reminder that we need to protect the only planet we have. http://t.co/JQ3174P0LF,,,,https://twitter.com/POTUS/status/623137065341952000/photo/1
6.22147E+17,,,2015-07-17 20:54:55 +0000,"<a href=""http://twitter.com/download/iphone"" rel=""nofollow"">Twitter for iPhone</a>",Had a great visit today with Emma Didlake - our oldest living veteran at 110-years-young! She's a true American hero. http://t.co/EeeIC3AK4A,,,,https://twitter.com/POTUS/status/622147491862028289/photo/1
6.22091E+17,,,2015-07-17 17:10:33 +0000,"<a href=""http://twitter.com/download/iphone"" rel=""nofollow"">Twitter for iPhone</a>",Congrats to Oregon on passing two years of free community college! Every hardworking student deserves access to higher education.,,,,
6.21134E+17,,,2015-07-15 01:46:43 +0000,"<a href=""http://twitter.com/download/iphone"" rel=""nofollow"">Twitter for iPhone</a>",Pluto just had its first visitor! Thanks @NASA - it's a great day for discovery and American leadership. http://t.co/FfztBSMbK0,,,,http://twitter.com/POTUS/status/621133763385425920/photo/1
6.21121E+17,,,2015-07-15 00:57:51 +0000,"<a href=""http://twitter.com/download/iphone"" rel=""nofollow"">Twitter for iPhone</a>",Good conversation with Tom Friedman on the deal we reached with Iran. It's a major step toward a safer world.  https://t.co/xwSrH9IoFG,,,,https://twitter.com/tomfriedman/status/621084602644471810
6.21089E+17,6.21087E+17,1536791610,2015-07-14 22:47:13 +0000,"<a href=""http://twitter.com/download/iphone"" rel=""nofollow"">Twitter for iPhone</a>",Mass incarceration doesn't work. Let's build communities that give kids a shot at success and prisons that prepare people for a 2nd chance.,,,,
6.21087E+17,6.21086E+17,1536791610,2015-07-14 22:42:16 +0000,"<a href=""http://twitter.com/download/iphone"" rel=""nofollow"">Twitter for iPhone</a>",We could eliminate tuition at every public college and university in America with the $80 billion we spend each year on incarcerations.,,,,
6.21086E+17,6.21085E+17,1536791610,2015-07-14 22:37:43 +0000,"<a href=""http://twitter.com/download/iphone"" rel=""nofollow"">Twitter for iPhone</a>",The $80 billion we spend each year on incarcerations could double the salary of every high school teacher in America.,,,,
6.21085E+17,6.21084E+17,1536791610,2015-07-14 22:34:32 +0000,"<a href=""http://twitter.com/download/iphone"" rel=""nofollow"">Twitter for iPhone</a>",The $80 billion we spend each year to keep people incarcerated could pay for universal pre-K for every 3-year-old and 4-year-old in America.,,,,
6.21084E+17,6.21083E+17,1536791610,2015-07-14 22:30:51 +0000,"<a href=""http://twitter.com/download/iphone"" rel=""nofollow"">Twitter for iPhone</a>","In 1980, there were 500,000 people in American jails. Today, there are 2.2 million. Many belong. But too many are nonviolent offenders.",,,,
6.21083E+17,6.21082E+17,1536791610,2015-07-14 22:26:15 +0000,"<a href=""http://twitter.com/download/iphone"" rel=""nofollow"">Twitter for iPhone</a>",America keeps more people behind bars than the top 35 European countries combined.,,,,
6.21082E+17,6.21082E+17,1536791610,2015-07-14 22:20:49 +0000,"<a href=""http://twitter.com/download/iphone"" rel=""nofollow"">Twitter for iPhone</a>","America is home to 5% of the world's population, but 25% of the world's prisoners.",,,,
6.21082E+17,,,2015-07-14 22:19:14 +0000,"<a href=""http://twitter.com/download/iphone"" rel=""nofollow"">Twitter for iPhone</a>","Just spoke to the NAACP about criminal justice reform, something many broadly agree on. Some stats:",,,,
6.1951E+17,,,2015-07-10 14:12:50 +0000,"<a href=""http://twitter.com/#!/download/ipad"" rel=""nofollow"">Twitter for iPad</a>","South Carolina taking down the confederate flag - a signal of good will and healing, and a meaningful step towards a better future.",,,,
6.17861E+17,,,2015-07-06 01:01:08 +0000,"<a href=""http://twitter.com/download/iphone"" rel=""nofollow"">Twitter for iPhone</a>",What a win for Team USA! Great game @CarliLloyd! Your country is so proud of all of you. Come visit the White House with the World Cup soon.,,,,
6.17543E+17,6.1743E+17,1536791610,2015-07-05 03:57:06 +0000,"<a href=""http://twitter.com/download/iphone"" rel=""nofollow"">Twitter for iPhone</a>",http://t.co/Ft3DwYWRJv,,,,https://twitter.com/POTUS/status/617542692952764417/photo/1
6.1743E+17,,,2015-07-04 20:29:21 +0000,"<a href=""http://twitter.com/download/iphone"" rel=""nofollow"">Twitter for iPhone</a>","It doesn't get much better than celebrating America with the people you love. Happy Fourth of July, everyone!",,,,
6.16442E+17,,,2015-07-02 03:02:33 +0000,"<a href=""http://twitter.com/download/iphone"" rel=""nofollow"">Twitter for iPhone</a>",It's not mine; just a loaner. Maybe you can come play at the White House sometime instead?  https://t.co/srZKB6plzz,,,,https://twitter.com/theblackkeys/status/616364682895564800
6.16418E+17,,,2015-07-02 01:28:15 +0000,"<a href=""http://twitter.com/download/iphone"" rel=""nofollow"">Twitter for iPhone</a>","RT @hotelkeys: @POTUS 
23yrold recent grad has full-time job but no insurance. Peace of mind that she can be on our plan. #ACAWorks",6.16342E+17,100005598,2015-07-01 20:24:28 +0000,
6.16417E+17,,,2015-07-02 01:25:45 +0000,"<a href=""http://twitter.com/download/iphone"" rel=""nofollow"">Twitter for iPhone</a>","RT @crazywritinfool: @POTUS #ACAWorks because I could switch insurance providers to get a lower rate. Couldn't before due to ""preexisting c…",6.16376E+17,7713582,2015-07-01 22:42:12 +0000,
6.16417E+17,,,2015-07-02 01:23:19 +0000,"<a href=""http://twitter.com/download/iphone"" rel=""nofollow"">Twitter for iPhone</a>",RT @RandynAverysMom: #AskPOTUS my dad is a small biz owner and never had insurance. #ACA allowed him access to life saving cancer screening…,6.16316E+17,17515958,2015-07-01 18:42:16 +0000,
6.16416E+17,,,2015-07-02 01:21:26 +0000,"<a href=""http://twitter.com/download/iphone"" rel=""nofollow"">Twitter for iPhone</a>",RT @NotoriousLLT: Sister is legally blind &amp; on disability b/c of glaucoma. She needs care to keep sight she has left. With #ACA she can aff…,6.16344E+17,1016746238,2015-07-01 20:33:01 +0000,
6.16341E+17,,,2015-07-01 20:21:36 +0000,"<a href=""http://twitter.com/download/iphone"" rel=""nofollow"">Twitter for iPhone</a>","Gotta go, but this was fun. Let's keep the health care conversation going - share how the #ACAWorks for you or your family.",,,,
6.1634E+17,,,2015-07-01 20:17:54 +0000,"<a href=""http://twitter.com"" rel=""nofollow"">Twitter Web Client</a>",butler's a great player on o and d; let's sign him up long term. go bulls! https://t.co/IqbyUmcbmJ,,,,https://twitter.com/Matt_Rodewald/status/616313502932844544
6.1634E+17,,,2015-07-01 20:16:58 +0000,"<a href=""http://twitter.com"" rel=""nofollow"">Twitter Web Client</a>","people lack info/turned off by political noise. w court case done, let's focus on getting people signed up. https://t.co/vFCDgMXSE9",,,,https://twitter.com/jayrocky_vs/status/616312088282140673
6.16339E+17,,,2015-07-01 20:13:47 +0000,"<a href=""http://twitter.com"" rel=""nofollow"">Twitter Web Client</a>",pushing to make 2 yrs comm college free; permit refinancing on student loans; push colleges to keep tuition low https://t.co/dTbTNDQSII,,,,https://twitter.com/ryann1232/status/616329450129608704
6.16339E+17,,,2015-07-01 20:12:10 +0000,"<a href=""http://twitter.com"" rel=""nofollow"">Twitter Web Client</a>","respect the nyt, but not buying peas in guac. onions, garlic, hot peppers. classic. https://t.co/MEEI8QHH1V",,,,https://twitter.com/JGreenDC/status/616311940957253632
6.16338E+17,,,2015-07-01 20:10:09 +0000,"<a href=""http://twitter.com"" rel=""nofollow"">Twitter Web Client</a>",was listening to outkast/liberation and the black keys/lonely boy this morning. https://t.co/1DP6CRdwlm,,,,https://twitter.com/theonIyreasn/status/616329416155607040
6.16338E+17,,,2015-07-01 20:08:51 +0000,"<a href=""http://twitter.com"" rel=""nofollow"">Twitter Web Client</a>",there's a hardship exemption; fine only applies to folks who can afford insurance but choose not to. https://t.co/XWFEKbZCaT,,,,https://twitter.com/christinaloucks/status/616314593363648516
6.16337E+17,,,2015-07-01 20:06:28 +0000,"<a href=""http://twitter.com"" rel=""nofollow"">Twitter Web Client</a>","have principles and issues you are passionate about, and act; worry more about doing something than being something. https://t.co/QqbgflhXDY",,,,https://twitter.com/fieldemma47/status/616335592914206721
6.16337E+17,,,2015-07-01 20:05:05 +0000,"<a href=""http://twitter.com"" rel=""nofollow"">Twitter Web Client</a>",EX-IM bank helps US companies export; that means good paying american jobs. optimistic that congress gets it done. https://t.co/UeBhgiL64B,,,,https://twitter.com/SableSys/status/616324400091037696
6.16336E+17,,,2015-07-01 20:02:53 +0000,"<a href=""http://twitter.com"" rel=""nofollow"">Twitter Web Client</a>",now's time to encourage states that held off for political reasons to do the right thing; contact state officials! https://t.co/QqUY3S9MoC,,,,https://twitter.com/katrobison/status/616328255344394241
6.16336E+17,,,2015-07-01 20:00:55 +0000,"<a href=""http://twitter.com"" rel=""nofollow"">Twitter Web Client</a>",congratulations! hope you guys are getting sleep. nothing beats babies! https://t.co/ymGM0HARad,,,,https://twitter.com/nathan210/status/616324467296477184
6.16335E+17,,,2015-07-01 19:59:32 +0000,"<a href=""http://twitter.com"" rel=""nofollow"">Twitter Web Client</a>","not true - like last year, insurers request premium hikes, but must be approved; expect final increases to be less   https://t.co/WfJI2AOLkP",,,,https://twitter.com/RaulieGonzo/status/616323201480720384
6.16334E+17,,,2015-07-01 19:55:46 +0000,"<a href=""http://twitter.com"" rel=""nofollow"">Twitter Web Client</a>",we need to encourage states to take advantage of medicaid expansion; could insure 4 mil more people in 22 states! https://t.co/S9RlkVB1An,,,,https://twitter.com/TheRealDylanG/status/616313067362586624
6.16334E+17,,,2015-07-01 19:55:12 +0000,"<a href=""http://twitter.com/download/iphone"" rel=""nofollow"">Twitter for iPhone</a>","Alright, let's do this. Ready to answer your health care questions. Keep 'em coming with #AskPOTUS. http://t.co/wK8RDF2H0i",,,,https://twitter.com/POTUS/status/616334258697859073/photo/1
6.16311E+17,,,2015-07-01 18:22:54 +0000,"<a href=""http://twitter.com"" rel=""nofollow"">Twitter Web Client</a>",Hello from Nashville! I'll be answering your questions on health care and the Affordable Care Act at 3:30pm ET. Tweet yours using #AskPOTUS.,,,,
6.16057E+17,,,2015-07-01 01:35:17 +0000,"<a href=""http://twitter.com"" rel=""nofollow"">Twitter Web Client</a>",Congrats to the #USWNT! Can't wait for the finals. You make us all proud!,,,,
6.15888E+17,,,2015-06-30 14:21:33 +0000,"<a href=""http://twitter.com/download/iphone"" rel=""nofollow"">Twitter for iPhone</a>",A hard day's work deserves a fair day's pay. That's why I'm announcing my plan to extend overtime protections. https://t.co/MrV56vTNa9,,,,https://twitter.com/huffpostpol/status/615858859178110976
6.14553E+17,,,2015-06-26 21:56:40 +0000,"<a href=""http://twitter.com/download/iphone"" rel=""nofollow"">Twitter for iPhone</a>",So inspired by the grace shown by the Simmons family and all the victims' families in Charleston. #HateWontWin http://t.co/jMS0SDUYui,,,,https://twitter.com/POTUS/status/614552886731780097/photo/1
6.14435E+17,,,2015-06-26 14:10:05 +0000,"<a href=""http://twitter.com/#!/download/ipad"" rel=""nofollow"">Twitter for iPad</a>","Today is a big step in our march toward equality. Gay and lesbian couples now have the right to marry, just like anyone else. #LoveWins",,,,
6.14119E+17,6.14115E+17,1536791610,2015-06-25 17:13:26 +0000,"<a href=""http://twitter.com/#!/download/ipad"" rel=""nofollow"">Twitter for iPad</a>","The uninsured rate is the lowest it's ever been. Let's keep at it until every American has quality, affordable health insurance.",,,,
6.14115E+17,6.14111E+17,1536791610,2015-06-25 16:56:11 +0000,"<a href=""http://twitter.com/#!/download/ipad"" rel=""nofollow"">Twitter for iPad</a>",More than 137 million Americans have guaranteed access to preventive care like cancer screenings and birth control at no out-of-pocket cost.,,,,
6.14111E+17,6.14108E+17,1536791610,2015-06-25 16:41:43 +0000,"<a href=""http://twitter.com/#!/download/ipad"" rel=""nofollow"">Twitter for iPad</a>",Women can no longer be charged more for health coverage just for being women.,,,,
6.14108E+17,6.14105E+17,1536791610,2015-06-25 16:30:19 +0000,"<a href=""http://twitter.com/#!/download/ipad"" rel=""nofollow"">Twitter for iPad</a>",129 million Americans with pre-existing conditions can no longer be denied health coverage.,,,,
6.14105E+17,6.14102E+17,1536791610,2015-06-25 16:14:58 +0000,"<a href=""http://twitter.com/#!/download/ipad"" rel=""nofollow"">Twitter for iPad</a>",More than 16 million Americans have gained health coverage after 5 years of the Affordable Care Act.,,,,
6.14102E+17,,,2015-06-25 16:03:40 +0000,"<a href=""http://twitter.com/#!/download/ipad"" rel=""nofollow"">Twitter for iPad</a>","Today's decision is a victory for every hardworking American. Access to quality, affordable health care is a right, not a privilege.",,,,
6.13131E+17,,,2015-06-22 23:45:19 +0000,"<a href=""http://twitter.com/#!/download/ipad"" rel=""nofollow"">Twitter for iPad</a>",Good luck Team USA – make us proud out there! #OneNationOneTeam http://t.co/btu3dRXPbr,,,,http://twitter.com/POTUS/status/613130677303799809/photo/1
6.12437E+17,6.12437E+17,1536791610,2015-06-21 01:50:00 +0000,"<a href=""http://twitter.com/download/iphone"" rel=""nofollow"">Twitter for iPhone</a>",Expressions of sympathy aren’t enough. It’s time we do something about this.,,,,
6.12437E+17,,,2015-06-21 01:49:04 +0000,"<a href=""http://twitter.com/download/iphone"" rel=""nofollow"">Twitter for iPhone</a>","Here are the stats: Per population, we kill each other with guns at a rate 297x more than Japan, 49x more than France, 33x more than Israel.",,,,
6.12433E+17,,,2015-06-21 01:33:44 +0000,"<a href=""http://twitter.com/download/iphone"" rel=""nofollow"">Twitter for iPhone</a>","Good point, Mitt. https://t.co/Ryusfp8Xbh",,,,https://www.twitter.com/MittRomney/status/612276050182049792
6.11994E+17,,,2015-06-19 20:27:54 +0000,"<a href=""http://twitter.com"" rel=""nofollow"">Twitter Web Client</a>","In the midst of darkest tragedy, the decency and goodness of the American people shines through in these families. https://t.co/aYtAKrWwCY",,,,https://twitter.com/ABC/status/611972235079741441
6.11675E+17,,,2015-06-18 23:20:59 +0000,"<a href=""http://twitter.com/#!/download/ipad"" rel=""nofollow"">Twitter for iPad</a>",Inspired by what @Pontifex wrote on climate change. Agree we have a moral responsibility to act to protect our kids and God's creation.,,,,
6.11228E+17,,,2015-06-17 17:44:38 +0000,"<a href=""http://twitter.com/download/iphone"" rel=""nofollow"">Twitter for iPhone</a>",Thrilled to formally recognize @LorettaLynch as the people's lawyer. You'll have no better partner in the fight for equality and justice.,,,,
6.11026E+17,,,2015-06-17 04:23:31 +0000,"<a href=""http://twitter.com/download/iphone"" rel=""nofollow"">Twitter for iPhone</a>",What a team win for the Warriors and an epic season for Steph. Kudos to LeBron and the Cavs for an unbelievable effort under adversity.,,,,
6.1082E+17,,,2015-06-16 14:43:36 +0000,"<a href=""http://twitter.com/download/iphone"" rel=""nofollow"">Twitter for iPhone</a>",Congrats to my hometown @NHLBlackhawks on 3 titles in 6 years - we'll see you and The Cup at the White House!,,,,
6.10537E+17,,,2015-06-15 19:57:04 +0000,"<a href=""http://twitter.com/download/iphone"" rel=""nofollow"">Twitter for iPhone</a>",So proud of these White House mentorship grads. Can't wait to see all the great things you achieve. I believe in you! http://t.co/ao6k8ErjHI,,,,http://twitter.com/POTUS/status/610536520387268608/photo/1
6.09164E+17,,,2015-06-12 01:01:29 +0000,"<a href=""http://twitter.com/download/iphone"" rel=""nofollow"">Twitter for iPhone</a>",I challenged them to a race. http://t.co/FpEUTnYgoD,,,,http://twitter.com/POTUS/status/609163576616615936/photo/1
6.06227E+17,,,2015-06-03 22:31:54 +0000,"<a href=""http://twitter.com"" rel=""nofollow"">Twitter Web Client</a>",This was a fun briefing: My science advisor just showed me this Hubble shot of the most crowded place in our galaxy. http://t.co/E2SeO9tumt,,,,https://twitter.com/POTUS/status/606226830241046528/photo/1
6.05842E+17,,,2015-06-02 21:01:19 +0000,"<a href=""http://twitter.com/download/iphone"" rel=""nofollow"">Twitter for iPhone</a>",Glad the Senate finally passed the USA Freedom Act. It protects civil liberties and our national security. I'll sign it as soon as I get it.,,,,
6.05803E+17,,,2015-06-02 18:28:56 +0000,"<a href=""http://twitter.com"" rel=""nofollow"">Twitter Web Client</a>",Awarded two Medals of Honor today for acts of bravery a century ago. We honor our heroes no matter how long it takes. http://t.co/AYazTecZpB,,,,http://twitter.com/POTUS/status/605803300093452289/photo/1
6.04025E+17,,,2015-05-28 20:42:00 +0000,"<a href=""http://twitter.com/download/iphone"" rel=""nofollow"">Twitter for iPhone</a>","RT @JustineinTampa: @POTUS I'm 30 now, but I've been promoting climate change since I was in the third grade! #ActOnClimate http://t.co/d77…",6.04008E+17,165211956,2015-05-28 19:33:08 +0000,https://twitter.com/JustineinTampa/status/604007518541606913/photo/1
6.04024E+17,,,2015-05-28 20:40:34 +0000,"<a href=""http://twitter.com/download/iphone"" rel=""nofollow"">Twitter for iPhone</a>","RT @LizHadly: @POTUS Love the #ActOnClimate. As scientist, I say global action more important than science now. #WeKnowEnoughToAct.",6.04001E+17,322658873,2015-05-28 19:06:02 +0000,
6.03976E+17,,,2015-05-28 17:29:26 +0000,"<a href=""http://twitter.com"" rel=""nofollow"">Twitter Web Client</a>","Thanks for the questions! This was fun. I've got to run, but let’s do it again soon. Tell me what you're doing to #ActOnClimate.",,,,
6.03976E+17,6.03962E+17,390825318,2015-05-28 17:29:05 +0000,"<a href=""http://twitter.com/download/iphone"" rel=""nofollow"">Twitter for iPhone</a>",.@apat246 @chicagobulls love thibs and think he did a great job. Sorry to see him go but expect he will be snatched up soon by another team.,,,,
6.03976E+17,6.03969E+17,1322284950,2015-05-28 17:27:20 +0000,"<a href=""http://twitter.com/download/iphone"" rel=""nofollow"">Twitter for iPhone</a>",.@ZCarlander agreement with China big and will be working w Brazil to develop their plans. We will all need to do more with US leading,,,,
6.03975E+17,6.03961E+17,37115355,2015-05-28 17:24:59 +0000,"<a href=""http://twitter.com/download/iphone"" rel=""nofollow"">Twitter for iPhone</a>",".@arianastover Kids instinctively understand importance of environment, impact on animals, health. Weave it into science and social studies",,,,
6.03975E+17,6.03972E+17,629103290,2015-05-28 17:22:28 +0000,"<a href=""http://twitter.com/download/iphone"" rel=""nofollow"">Twitter for iPhone</a>",".@HtetWint renewable energy key, already increased solar 10x and wind 3x, now need to invest more in r&amp;d and provide regulatory incentives",,,,
6.03974E+17,6.03961E+17,312459288,2015-05-28 17:18:40 +0000,"<a href=""http://twitter.com"" rel=""nofollow"">Twitter Web Client</a>",. @Jamesthe4tress Already expanded Pell Grants and capped student loan interest rates; now want to make 2 yrs of community college free.,,,,
6.03973E+17,6.03961E+17,2295625259,2015-05-28 17:16:29 +0000,"<a href=""http://twitter.com"" rel=""nofollow"">Twitter Web Client</a>","@HLF3267 In fact new trade deal with have the strongest enforceable environmental provisions in history, raising standards across Asia.",,,,
6.03973E+17,6.03961E+17,1322284950,2015-05-28 17:15:41 +0000,"<a href=""http://twitter.com/download/iphone"" rel=""nofollow"">Twitter for iPhone</a>",".@ZCarlander more severe weather events lead to displacement, scarcity, stressed populations; all increase likelihood of global conflict.",,,,
6.03972E+17,6.0396E+17,162090984,2015-05-28 17:11:48 +0000,"<a href=""http://twitter.com/download/iphone"" rel=""nofollow"">Twitter for iPhone</a>",.@NathenVieira jr smith having a great season but the heart of the Cavs is Lebron. And no one can outshoot Curry - maybe Korver if wide open,,,,
6.03971E+17,,,2015-05-28 17:08:53 +0000,"<a href=""http://twitter.com/download/iphone"" rel=""nofollow"">Twitter for iPhone</a>","@.gkermmm 2/ after I sign agreement, Congress will have months of debate before a vote. Nothing secret about it.",,,,
6.03971E+17,6.0396E+17,465076617,2015-05-28 17:08:04 +0000,"<a href=""http://twitter.com/download/iphone"" rel=""nofollow"">Twitter for iPhone</a>",.@gkermmm 1/ TPP is still being negotiated! But legislation requires the full text for 60 days before I sign.,,,,
6.0397E+17,6.03959E+17,28640463,2015-05-28 17:05:44 +0000,"<a href=""http://twitter.com/download/iphone"" rel=""nofollow"">Twitter for iPhone</a>",.@drock89 as @Pontifex and other religious leaders have stated we have a moral obligation to the most vulnerable and the next generation.,,,,
6.0397E+17,6.0396E+17,1007173664,2015-05-28 17:04:00 +0000,"<a href=""http://twitter.com/download/iphone"" rel=""nofollow"">Twitter for iPhone</a>",.@BigBennyFL 3/ already rejected Shell's original proposal as inadequate which shows we're serious.,,,,
6.0397E+17,6.0396E+17,1007173664,2015-05-28 17:02:56 +0000,"<a href=""http://twitter.com/download/iphone"" rel=""nofollow"">Twitter for iPhone</a>",.@BigBennyFL 2/ But since we can't prevent oil exploration completely in region we're setting the highest possible standards,,,,
6.03969E+17,6.0396E+17,1007173664,2015-05-28 16:59:36 +0000,"<a href=""http://twitter.com/download/iphone"" rel=""nofollow"">Twitter for iPhone</a>","@BigBennyFL 1/ We've shut off drilling in the most sensitive arctic areas, including Bristol Bay.",,,,
6.03968E+17,6.0396E+17,360324412,2015-05-28 16:56:22 +0000,"<a href=""http://twitter.com/download/iphone"" rel=""nofollow"">Twitter for iPhone</a>",.@calebmegajew the science is overwhelming but what will move Congress will be public opinion. Your voices will make them open to facts.,,,,
6.03966E+17,,,2015-05-28 16:48:24 +0000,"<a href=""http://twitter.com/download/iphone"" rel=""nofollow"">Twitter for iPhone</a>",Ready to answer your questions on climate change. Let's do this! #AskPOTUS http://t.co/5KrIb5jL6S,,,,https://twitter.com/POTUS/status/603966058462973953/photo/1
6.03959E+17,,,2015-05-28 16:21:21 +0000,"<a href=""http://twitter.com/download/iphone"" rel=""nofollow"">Twitter for iPhone</a>",Just got a hurricane preparedness briefing in Miami. Acting on climate change is critical. Got climate Qs? I'll answer at 1pm ET. #AskPOTUS,,,,
6.02878E+17,,,2015-05-25 16:45:21 +0000,"<a href=""http://twitter.com/download/iphone"" rel=""nofollow"">Twitter for iPhone</a>",Spent the morning at Arlington. Take time today to honor our fallen heroes. We're forever indebted to their families. http://t.co/hChhhOVCS3,,,,http://twitter.com/POTUS/status/602878130362146816/photo/1
6.01845E+17,6.01808E+17,211171360,2015-05-22 20:19:17 +0000,"<a href=""http://twitter.com/download/iphone"" rel=""nofollow"">Twitter for iPhone</a>",.@DrFahmida tell your niece I really like her letter. Couldn't agree more!,,,,
6.01842E+17,6.01771E+17,43697249,2015-05-22 20:06:44 +0000,"<a href=""http://twitter.com/download/iphone"" rel=""nofollow"">Twitter for iPhone</a>",".@rebsteve really enjoyed stopping by today. I had fun singing Shabbat Shalom with the PreK class downstairs, too! http://t.co/6b8CrXSgMt",,,,http://twitter.com/POTUS/status/601841646020464640/video/1
6.01083E+17,,,2015-05-20 17:51:35 +0000,"<a href=""http://twitter.com/download/iphone"" rel=""nofollow"">Twitter for iPhone</a>",An honor to address the Coast Guard class of 2015. Confident they'll help us meet big challenges like climate change. http://t.co/1z4fteA1YJ,,,,http://twitter.com/POTUS/status/601082858497830913/photo/1
6.00407E+17,6.0039E+17,1330457336,2015-05-18 21:07:29 +0000,"<a href=""http://twitter.com/download/iphone"" rel=""nofollow"">Twitter for iPhone</a>","Good question, @billclinton. The handle comes with the house. Know anyone interested in @FLOTUS?",,,,
6.00388E+17,,,2015-05-18 19:51:30 +0000,"<a href=""http://twitter.com/download/iphone"" rel=""nofollow"">Twitter for iPhone</a>","In Camden today, seeing first-hand how smart policing is making the community safer while building trust. http://t.co/3MiWk43c8g",,,,http://twitter.com/POTUS/status/600388258665787392/photo/1
6.00325E+17,,,2015-05-18 15:38:52 +0000,"<a href=""http://twitter.com/download/iphone"" rel=""nofollow"">Twitter for iPhone</a>","Hello, Twitter! It's Barack. Really! Six years in, they're finally giving me my own account.",,,,
